BOR;AN;FI;FI_EJ;BIO_A1;BIO_A2;BIO_A3;BIO_A4;BIO_A5;BIO_A6;BIO_A7;BIO_A8;BIO_A9;BIO_A10;BIO_A11;BIO_A12;BIO_A13;BIO_A14;BIO_A15;BIO_A16;BIO_A17;BIO_A18;BIO_B1;BIO_B2;BIO_B3;BIO_B4;BIO_A19;BIO_A20;BIO_B19;BIO_B20;BIO_B21;BIO_C19;BIO_C20;BIO_A22;BIO_A23;BIO_A24;BIO_A25;BIO_A26;BIO_A27;BIO_A28;BIO_A29;BIO_A30;BIO_B22;BIO_B23;BIO_B24;BIO_B25;BIO_B26;BIO_B27;BIO_B28;BIO_B29;BIO_B30;BIO_C22;BIO_C23;BIO_C24;BIO_C25;BIO_C26;BIO_C27;BIO_C28;BIO_C29;BIO_C30;BIO_D22;BIO_D23;BIO_D25;BIO_E22;BIO_E23;BIO_E25
BIO;2019;010000024;010780054;1;1;0;1;1;0;0;1;0;0;1;1;1;1;0;0;0;0;0;954696;61976;58710;10025;3187;9250;54;90;4641;5127;;5;;23;5;3;;3;;;1;1;5;2;;1;2;2;;5;0.9;26.44;6.6;3.33;0.1;4.54;0.8;;0;1;;1;
BIO;2019;010005239;010008407;1;1;0;1;1;1;0;0;0;0;1;1;1;0;0;0;0;0;1;265742;31055;;0;;0;;;;;2;0;0;5;1;0;0;0;0;0;0;0;4;1;0;0;0;0;2.08;0;0;8.12;1.75;0;0;0;0;;;;;;
BIO;2019;020000162;020000063;1;1;0;1;1;0;0;1;0;0;1;1;1;0;0;0;0;0;1;1492636;222801;206745;9077;4873;10350;7;26;1514;6;4;0;0;27;6;2;0;6;2;0;0;1;1;3;3;2;0;0;4;0;0.23;27.67;6.13;2.95;0.7;6;1.5;0;;1;1;;
BIO;2019;020000394;020000253;1;1;0;1;1;1;1;1;0;0;1;1;;0;0;0;0;0;1;984982;110095;20892;0;;0;;;;;3;0;0;16;3;0;0;0;0;0;0;0;0;0;0;0;0;0;3;0;0;14.95;3;0;0;0;0;0;0;0;1;0;0
BIO;2019;020000519;020000261;1;1;0;1;1;1;0;0;0;0;1;1;1;1;0;0;1;1;1;771938;48601;10237;;;;;;;;;4;1;18;3;;;;;;;;2;1;;;;;;4;1;19.92;3.8;;;;;;0;0;;1;1
BIO;2019;020001061;020004404;1;1;0;1;1;1;0;0;0;0;1;1;1;0;0;0;0;0;0;594902;172412;144742;;;;;;;;1;1;1;15;5;;;;;;1;;;1;;;;;1;1.4;1;15.18;4.09;;;;;;;1;1;1;
BIO;2019;030000061;030780092;1;1;0;1;1;0;0;0;0;0;1;1;1;1;0;0;0;0;1;714739;177793;82204;;;;;;;;0;3;0;13;5;;;;;1;0;0;15;7;;;;;1.47;2.53;0;24.34;8.74;;;;;0;0;1;1;1;0
BIO;2019;030000079;030780100;1;1;1;1;1;1;1;1;0;0;1;1;1;1;0;0;0;0;0;1510248;238270;106040;;;;;;;;1;3;1;20;8;;;;;1;;;8;2;;;;;1.27;3;0.17;27.25;9.48;;;;;0;0;1;1;1;0
BIO;2019;030000087;030780118;1;0;0;1;1;1;0;0;0;0;1;1;1;1;0;0;0;0;1;941187;43929;;;;;;;;;0;4;1;17;10;;;;;0;2;0;8;0;;;;;0;4.47;1.49;25.52;8.74;;;;;0;0;;0;1;
BIO;2019;040000135;050002948;1;1;0;1;1;0;0;0;0;0;1;1;1;1;1;1;1;1;1;129437;74439;24143;0;;0;;;0;;0;0;0;4;0;0;0;0;0;6;0;2;3;0;0;0;0;0;1.21;0;0.25;6.5;0;0;0;0;0;;;;;;
BIO;2019;050000231;050000116;1;1;1;1;1;1;0;0;0;0;1;1;1;1;0;0;0;0;1;285016;88503;16659;0;;0;;;;;0;0;0;3;1;0;0;0;0;2;0;2;13;0;0;0;0;0;1.66;0;0.59;13.04;1;0;0;0;0;;;;;;
BIO;2019;050000348;050002948;1;1;0;1;1;0;0;0;0;0;1;1;1;0;0;0;0;0;1;637623;37127;12893;0;;0;;;0;;0;0;1;9;1;0;0;0;0;6;0;1;11;1;0;0;0;0;4.15;0;1.1;17.29;1.43;0;0;0;0;;;;;;
BIO;2019;060000478;060780897;1;;0;1;1;0;0;0;0;0;1;1;1;0;0;0;0;0;1;825233;48740;28498;0;;0;;;;;0;0;0;11;0;0;0;11;0;0;0;0;4;0;0;0;4;0;0;0;0;1.55;0;0;0;1.55;0;;;;;;
BIO;2019;060000510;060780954;1;1;0;1;1;1;0;0;0;0;1;1;1;1;0;0;0;0;1;717084;15001;17;;;;;;;;2;2;1;25;5;;;;;;;;5;;;;;;2;2;1;27.4;4.72;;;;;0;;1;1;;1
BIO;2019;060000528;060780962;0;1;0;0;0;0;0;0;0;0;0;0;0;0;0;0;0;0;1;909;5228;;5485;1053;5352;2;681;;;1;;1;3;3;3;1;7;3;1;;;1;;1;;1;;1.8;;0.5;4.27;2.1;3.39;0.5;7.71;2.31;0;;0;0;;0
BIO;2019;060000544;060780988;1;0;0;1;1;0;0;0;0;0;1;1;1;1;0;0;0;0;0;1030729;211;211;;;;;;;;1;3;1;23;8;;;;;1;0;1;5;;;;;;1.1;3;0.58;28.06;8;;;;;0;0;;1;1;
BIO;2019;060785003;060785011;1;1;0;1;1;1;1;1;1;0;1;1;1;1;1;1;0;0;1;2833530;213066;203486;10062;;21362;;737;3713;;24;1;;79;24;9;;22;20;7;0;;9;6;5;;2;5;20.61;1;;75.63;25.14;7.79;;22.17;20.96;0;0;;1;1;
BIO;2019;060789195;060785011;1;1;0;1;1;1;1;1;1;0;1;1;1;1;1;1;0;0;1;1679404;365048;304658;3576;2648;4706;55;67;1552;1102;31;2;;67;33;2;1;12;12;9;0;;20;11;0;;5;3;29.44;2;;76.48;36.99;2.14;1;14.61;12.23;0;0;;1;1;
BIO;2019;070000013;070002878;1;0;0;1;1;1;0;0;0;0;1;0;1;0;0;0;0;0;1;195865;120687;38380;;;;;;;;3;;1;6;4;0;0;0;0;1;;0;5;1;0;0;0;0;3.5;;1;10.48;5.15;0;0;0;0;;0;0;;1;1
BIO;2019;070000179;070780358;1;1;0;1;1;1;0;0;0;0;1;1;1;1;0;0;0;0;1;640388;2311;;;;;;;;;0;2;0;14;3;0;0;0;0;0;1;0;7;1;0;0;0;0;0;2.4;0;17.53;2.35;0;0;0;0;;0;0;;1;0
BIO;2019;070000609;070005566;1;1;0;1;1;1;0;1;0;0;1;1;1;0;0;0;0;0;1;510729;161453;37855;;;;;;;;3;0;0;12;8;0;0;0;0;2;0;0;7;0;0;0;0;0;3.82;0;0;17.01;5.83;0;0;0;0;;;;1;1;
BIO;2019;080000425;080000615;1;1;0;1;1;0;1;1;0;0;1;1;1;1;0;0;1;1;;862023;713711;333949;1616;32;2215;10;236;145;0;3;4;;41;12;;;2;;;;;6;8;;;;2;2.08;3.98;1;44.51;17.82;;;2;1.86;0;0;;1;1;
BIO;2019;090000175;090781774;1;0;0;1;1;1;0;0;0;0;1;1;1;0;0;0;0;0;1;515699;56108;34861;;;;;;;;1;;;22;4;;;;;3;;;8;;;;;;2.69;;;26.06;4.72;;;;;;;;;;
BIO;2019;100000090;100000017;1;0;0;1;1;1;1;1;1;0;1;0;1;1;1;1;0;0;1;1694926;66458;1958;9957;3342;7522;15;90;1228;2799;0;6;2;31;4;6;0;8;3;2;0;0;20;1;0;0;5;2;1.85;6.34;2;45.15;4.64;5.76;0;9.77;3.96;0;0;1;1;1;1
BIO;2019;100000199;100006279;1;1;0;1;1;1;0;0;0;0;0;0;1;0;0;0;0;0;1;225333;65355;0;;;;;;;;;;;6;2;;;;;;;;1;1;;;;;;;;6.28;2.46;;;;;;;;;;
BIO;2019;110000023;110780061;1;1;0;1;1;0;1;1;0;0;1;1;1;1;0;0;0;0;1;704878;94000;41851;;;;;;;;3;;;22;8;;;;;2;;1;1;;;;;;4.4;;0.74;22.66;8.06;;;;;;;;;;
BIO;2019;110000056;110780137;1;1;0;1;1;0;0;0;0;0;1;1;1;0;0;0;0;0;1;600742;12759;4054;;;;;;;;;2;;18;5;;;;;;3;;3;1;;;;;;3.8;;19.8;5.14;;;;;;0;0;;1;0
BIO;2019;120000039;120780044;1;0;0;1;1;0;0;0;0;0;1;1;1;1;0;0;0;0;1;952849;74930;62248;2795;870;4576;16;26;610;140;2;2;1;14;4;1;0;4;4;0;1;1;8;0;2;1;1;0;2;2.5;1.16;19.6;3.35;2.06;0.51;4.8;2.65;0;0;0;1;1;1
BIO;2019;120000054;120780069;1;0;0;1;1;1;0;0;0;0;1;1;1;1;0;0;0;0;1;168414;194;113;;;;;;;;2;0;1;12;2;0;0;0;0;0;0;0;1;1;0;0;0;0;2;0;1;12.99;2.98;0;0;0;0;0;0;1;1;1;0
BIO;2019;120000070;120780085;1;1;0;1;1;1;0;0;0;0;1;1;1;0;0;0;0;0;1;235068;295388;204834;;;;;;;;1;;;15;1;;;;;3;;1;3;1;;;;;2.07;;0.5;17.1;1.8;;;;;0;;;1;;
BIO;2019;120004569;120004528;1;1;0;1;1;1;0;0;0;0;1;0;1;0;0;0;0;0;1;259013;92241;37698;;;;;;;;3;;;11;;;;;;;;;5;;;;;;3;;;14.2;;;;;;0;;0;1;;1
BIO;2019;120004668;120004619;1;0;0;1;1;1;0;0;0;0;0;0;0;0;0;0;0;0;1;76245;10278;0;0;;0;;;;;1;;;5;;;;;;1;;1;2;2;;;;;1.2;;0.19;4.69;1.07;;;;;0;;0;1;;1
BIO;2019;130000235;130780554;1;1;0;1;1;0;0;0;0;0;1;0;1;0;0;0;0;0;0;59975;0;0;;;;;;;;0;0;0;2;2;0;0;0;0;0;0;0;1;1;0;0;0;0;0;0;0;2.59;1.02;0;0;0;0;0;0;0;0;0;0
BIO;2019;130000409;130041916;1;1;0;1;1;1;1;1;0;0;1;1;1;1;0;0;0;0;1;1448396;460729;445383;24418;3148;9537;20;288;10137;1763;2;5;1;34;15;2;;4;6;0;3;1;17;3;1;;2;;2;7.12;1.3;45.83;15.71;2.69;;5.6;4.75;0;0;1;1;1;0
BIO;2019;130000565;130781446;1;1;0;1;1;0;0;0;0;0;1;0;0;1;0;0;0;0;1;526465;44525;;;;;;;;;;4;1;17;;;;;;;1;;2;;;;;;;3.77;1;17.26;;;;;;;0;1;;1;0
BIO;2019;130001225;130782634;1;1;0;1;1;1;0;0;0;0;1;1;1;1;0;0;0;0;1;577283;98270;16384;;;;;;;;4;;1;12;4;;;;;;;;5;2;;;;;3.77;;1;15.88;6.13;;;;;0;;1;1;;0
BIO;2019;130001647;130784127;0;0;0;1;0;1;0;0;0;0;0;0;0;0;1;1;0;0;0;16870;11463;;12375;;12324;;332;2838;;1;8;2;43;14;6;2;11;7;3;2;;6;3;4;;4;3;2.5;8.35;2.8;46.3;13.78;8.1;1.6;13.83;8.21;0;0;0;1;1;1
BIO;2019;130002215;130785512;1;1;0;1;1;1;0;1;0;0;1;1;1;1;0;0;0;0;1;301014;27065;;;;;;;;;;;;10;2;;;;;1;3;1;2;1;;;;;0.5;1.5;0.5;11.6;2.5;;;;;0;;1;1;;0
BIO;2019;130002827;130789274;1;1;0;1;1;1;0;0;0;0;1;1;1;1;0;0;0;0;1;382857;88991;70076;;;;;;;;2;1;1;18;4;0;0;0;0;0;1;0;6;0;0;0;0;0;2;1.5;1;21.59;3.61;0;0;0;0;;;;1;1;
BIO;2019;130002835;130789316;1;1;0;1;1;1;0;1;0;0;1;1;1;1;0;0;0;0;1;1324590;198690;;;;;;;;;;5;1;17;6;;;;;;4;;8;5;;;;;;7.83;1;22.89;9.33;;;;;1;1;0;1;1;0
BIO;2019;130780521;130786049;;;;;;;;;;;;;;;;;;;1;1873215;10876;6618;7426;2023;15543;36;492;811;43;2;;3;44;18;5;1;10;4;;;;16;6;4;;2;;0.45;;3;53.88;19.19;5.1;1;11.58;4;;;;;;
BIO;2019;130781479;130000599;1;0;0;1;1;0;0;0;0;0;1;1;1;1;0;0;0;0;1;451140;102984;74276;;;;;;;;1;;3;14;3;;;;;1;2;0;2;1;;;;;1.85;1.7;3;15.5;3.5;;;;;0;0;1;1;1;0
BIO;2019;130782147;130000979;1;1;0;1;1;0;0;0;0;0;1;1;0;0;0;0;0;0;1;485960;;;;;;;;;;2;1;;13;4;;;;;;;;1;1;;;;;2;1;;13.5;4.5;;;;;0;0;1;1;1;0
BIO;2019;130783236;130786049;1;0;0;1;1;0;0;1;0;0;0;0;0;0;1;0;1;1;;1609075;47403;34297;;;;;;;;8;9;4;59;41;;;;;7;3;1;17;7;;;;;7.54;5.98;4.16;70.88;27.96;;;;;1;;;1;;
BIO;2019;130783293;130786049;1;1;1;1;1;1;1;1;1;1;1;1;1;1;1;1;0;0;1;5200723;163428;147464;14013;2476;43004;138;641;3915;1;10;4;5;179;72;12;1;23;7;9;5;3;23;18;2;;5;4;11.14;2.9;6.34;187.2;69.29;8.74;1;25.55;9.56;1;1;1;0;0;0
BIO;2019;130783665;130043722;1;0;0;1;1;0;0;0;0;0;1;0;1;0;0;0;0;0;1;71043;28593;0;0;;0;;;;;;2;;2;1;;;;;;;;2;1;;;;;;2;;3.6;1.5;;;;;;0;0;;0;0
BIO;2019;130785652;130014228;1;1;0;1;1;0;1;1;0;0;1;1;1;0;1;1;1;1;1;341422;;;;;;;;;;4;;1;44;16;;;;;3;;;1;1;;;;;4.8;;1;41.4;15.21;;;;;0;;0;0;;0
BIO;2019;130786742;750821092;1;1;0;1;1;1;0;1;0;0;1;1;1;0;0;0;0;0;1;596640;104105;40133;;;;;;;;1;4;3;20;2;;;;;1;0;0;3;0;;;;;1.5;4;2.33;22.4;2;;;;;0;0;1;1;1;0
BIO;2019;130804297;130786049;0;0;0;0;0;0;0;0;0;0;0;0;0;;1;0;0;0;0;11604;3384;3329;;;2;;;2;;3;;;27;19;;;;;3;;2;3;11;;;;;3.54;;0.82;27.79;21.59;;;;;;;;;;
BIO;2019;140000027;140000035;1;1;0;1;1;1;1;1;0;0;1;1;1;1;0;0;1;0;1;842149;160061;23516;;;;;;;;0;4;;17;4;;;;;;1;1;11;2;;;;;;4.6;0.94;25.17;4.21;;;;;;0;;;1;
BIO;2019;140000209;140000100;1;1;0;1;1;0;1;1;1;0;1;1;1;0;0;0;1;1;1;5235286;133870;53261;9756;2676;19013;62;0;1483;1;28;8;4;83;14;8;2;11;9;6;;;30;2;3;;5;2;23.17;6.2;2.46;104.24;11.81;5.89;0.9;12.89;7.19;0;0;0;1;1;1
BIO;2019;140000233;140000118;1;0;0;1;1;1;0;0;0;0;1;1;1;0;0;0;0;0;1;213602;27708;0;;;;;;;;3;;;10;2;;;;;;;2;1;1;;;;;2.66;;0.85;10.69;2.82;;;;;0;;;;;
BIO;2019;140000555;140000639;1;0;0;1;1;0;0;1;0;0;0;0;0;0;1;1;0;0;0;326554;6018;;5045;23;8955;0;580;384;0;1;4;2;11;5;3;1;9;4;;1;;1;;2;0;2;0;0.17;4.8;2;11.5;4.5;4.06;1;11.3;3.95;0;0;0;0;0;0
BIO;2019;140004383;140000100;0;0;0;0;0;0;0;0;0;0;0;0;1;1;1;1;0;0;0;133492;15269;8512;;;;;;;;10;1;2;21;8;;;;;1;;;10;2;;;;;6.12;0.7;0.67;27.35;7.87;;;;;0;0;0;0;0;1
BIO;2019;140024886;140000092;1;0;0;1;1;1;0;0;0;0;1;1;1;0;0;0;0;0;1;342773;122704;0;;;;;;;;;2;1;12;3;;;;;;3;;8;7;;;;;;4.54;1;18.63;7.26;;;;;;0;1;;1;0
BIO;2019;150000040;150780096;1;1;0;1;1;1;0;0;0;0;1;1;1;1;0;0;0;0;1;1033550;25330;2173;;;;;;;;;3;;23;4;;;;;1;;1;;4;;;;;0.5;2.69;0.9;22.74;6.16;;;;;0;0;0;1;1;1
BIO;2019;160000253;160000451;1;1;0;1;1;1;0;1;0;0;;1;1;1;0;0;0;0;0;890156;108083;53326;3756;1606;5573;116;81;683;13;3;2;;31;4;2;1;1;1;3;;1;3;1;;;1;;4.8;1.87;1;33.37;5.52;2;0.1;1.91;1;0;;1;1;;
BIO;2019;160000303;160006037;1;0;0;1;1;0;0;0;0;0;0;0;1;0;0;0;0;0;1;140936;8319;5503;0;;0;;;;;1;;;9;1;;;;;;;;;;;;;;1;;;8.27;1;;;;;;;1;;;
BIO;2019;170000087;170024194;1;1;0;1;1;0;1;1;0;0;1;1;1;1;0;0;0;0;1;1738909;84105;67463;6324;2370;11639;55;392;6444;4;2;4;;;;3;1;6;4;;1;;;;;;1;2;2;4.8;;;;3;0.25;6.81;4.58;0;0;;1;1;
BIO;2019;170000152;170780225;1;1;0;1;1;1;0;0;0;0;1;1;1;1;0;0;0;0;1;67323;14314;1384;0;;0;;;;;2;1;;19;5;;;;;;;;1;2;;;;;2.33;1;;14.65;5.13;;;;;0;0;;1;1;1
BIO;2019;180000010;180000028;1;1;0;1;1;0;0;1;0;0;1;1;1;1;0;0;0;0;1;1348042;98905;96834;5152;2898;4503;12;102;0;0;4;;;22;4;2;;2;;;;1;6;;;1;1;1;3.72;;0.9;26.09;5.07;2;0.09;2.74;0.74;0;;1;1;;0
BIO;2019;180000200;180000051;1;1;0;1;1;0;0;0;0;0;0;1;1;1;0;0;0;0;1;249145;14254;;0;0;0;0;0;0;0;0;1;0;7;1;0;0;0;0;1;0;1;2;3;0;0;1;1;0.4;1;0.2;7.85;2.27;0;0;0.1;0.1;0;0;1;1;1;0
BIO;2019;190000018;190000042;1;0;0;1;1;1;1;1;0;0;1;1;1;1;0;0;0;0;1;1053436;25518;20094;;;;;;;;3;1;1;19;5;;;;;;2;;5;2;;;;;2.06;1.7;1;23.25;6.65;;;;;0;0;1;1;1;0
BIO;2019;190000026;190000059;1;1;0;1;1;1;1;1;0;0;1;1;1;0;0;0;0;0;1;435744;133663;2558;986;17;1958;0;49;2;0;;1;1;14;5;1;;2;1;1;1;;4;1;;;2;;0.76;1.92;1;16.67;5.88;0.7;;2.39;1.11;0;0;;1;1;
BIO;2019;210987558;210780581;1;1;1;1;1;0;1;1;0;1;1;1;1;1;1;1;1;1;1;3373307;204137;;8611;3269;23411;93;559;1176;12;42;11;9;135;63;6;;10;2;10;1;;47;22;9;;7;;30.94;6.66;8.62;174.08;77.77;7.2;;15.09;2;1;1;1;1;1;0
BIO;2019;210987657;210012175;1;1;0;1;1;1;0;0;0;0;1;1;1;1;0;0;0;0;1;273299;26898;0;0;;0;;;;;;3;1;15;13;;;;;;1;;1;;;;;;;3.6;0.84;16.63;10.22;;;;;;0;1;;1;0
BIO;2019;210987665;210012142;1;0;0;1;1;1;0;0;0;0;0;0;1;0;0;0;0;0;1;117229;916;;;;;;;;;0;;;;;;;;;;;;;;;;;;;;;;0.84;;;;;;;;;;
BIO;2019;210987699;210780706;1;1;0;1;1;1;0;0;0;0;1;1;1;1;0;0;0;0;1;241210;191828;64063;;;;;;;;1;2;1;13;5;;;;;0;0;0;5;1;;;;;1;2;1;15.13;5.56;;;;;0;0;1;1;1;0
BIO;2019;210987731;210780417;1;0;0;1;1;1;0;1;0;0;1;1;1;1;0;1;1;0;;280257;3399;0;3860;104;7373;21;586;4188;2642;1;2;1;13;;2;1;6;3;;1;1;1;1;4;1;4;1;1;2.5;1.75;13.5;0.8;3.7;1.25;8.1;3.24;0;0;0;0;0;0
BIO;2019;220000012;220000020;1;0;0;1;1;0;0;1;0;0;1;1;1;1;0;0;0;0;1;1379556;18821;7196;;;;;;;;;4;2;43;13;;;;;;5;;18;2;;;;;;6.96;2.08;52.53;13.68;;;;;;0;;;1;
BIO;2019;220000343;220000079;1;1;0;1;1;1;0;0;0;0;1;1;1;1;0;0;0;0;1;342769;11947;7535;0;0;0;0;0;0;0;2;;1;6;2;;;;;1;;;8;1;;;;;2.6;;1;12.4;2.7;;;;;0;;1;1;;0
BIO;2019;220000368;220000103;1;0;0;1;1;1;0;0;0;0;1;1;1;1;0;0;0;0;1;338723;71034;45122;;;;;;;;;;;8;3;;;;;3;1;1;9;2;;;;;2.05;0.6;0.85;15.96;4.49;;;;;0;0;1;1;1;0
BIO;2019;220000541;220000152;1;0;0;1;1;1;0;0;0;0;1;1;1;0;0;0;0;0;1;166768;112062;73547;;;;;;;;1;;1;7;1;;;;;1;;1;8;3;;;;;1.9;;1.2;13.85;2.21;;;;;0;;;1;;
BIO;2019;230000820;230780041;1;1;0;1;1;0;0;1;1;0;1;1;1;1;0;0;0;0;1;409888;314703;187799;1440;25;2239;0;23;1241;0;3;;1;24;3;2;1;2;1;3;;;;;1;;;;2.99;;1;23.54;2.66;1.33;0.1;1.6;1;0;0;0;0;0;0
BIO;2019;240000372;240000059;1;1;0;1;1;1;0;0;0;0;1;0;1;0;0;0;0;0;1;293300;121685;6081;;;;;;;;0;1;0;9;2;0;0;0;0;0;1;1;7;2;0;0;0;0;0;2.42;0.54;10.92;3.24;0;0;0;0;;0;1;;1;0
BIO;2019;240000489;240000117;1;1;0;1;1;0;1;1;0;0;1;1;1;1;0;0;0;0;1;1388244;52977;32907;5017;2958;6472;17;128;2006;743;4;;2;24;14;1;0;1;2;;;0;2;0;2;0;0;1;5.53;;1.4;25.09;13.03;2.33;0;1;2.5;0;;1;1;;
BIO;2019;250000700;250000452;1;1;0;1;1;1;0;0;0;0;1;1;1;1;1;0;0;0;0;;;;;;;;;;;;2;;5;;;;;;;1;1;8;6;;;;;;2.27;0.5;10.56;3.07;;;;;0;0;0;0;1;0
BIO;2019;250006954;250000015;1;1;0;1;1;0;1;1;0;0;1;1;1;1;1;1;1;1;1;3123647;60274;27950;12629;4431;23040;82;444;1425;0;9;5;3;54;22;2;1;12;9;30;7;0;47;20;7;0;12;4;21.86;6.1;2.5;89.43;37.31;4.39;1;20;10.75;0;0;1;1;1;1
BIO;2019;260000013;260000021;1;1;0;1;1;0;0;1;0;0;1;1;1;1;0;0;0;0;1;1262710;54460;52236;6259;2036;10066;14;115;11421;1866;1;2;2;18;7;5;1;10;3;0;3;0;27;13;4;0;2;8;1;4.51;2;35.21;9.71;4.97;0.5;11.05;4.79;0;0;1;1;1;0
BIO;2019;260000120;260016910;1;1;0;1;1;1;0;0;1;1;1;1;1;0;0;0;0;0;1;992617;107454;88637;;;;;;;;3;;;16;4;;;;;1;;1;7;3;;;;;3.5;;0.8;22.03;6.69;;;;;0;;1;1;;0
BIO;2019;260000138;260000047;1;1;0;1;1;1;1;1;0;0;1;1;1;1;0;0;0;0;1;788313;126534;15443;0;;0;;;;;3;0;1;15;3;0;0;0;0;3;0;0;14;5;0;0;0;0;5.31;0;1;22.39;6.63;0;0;0;0;0;;1;1;;0
BIO;2019;270000359;270023724;1;1;0;1;1;0;0;1;0;0;1;1;1;1;0;0;0;0;1;775034;116043;45467;6275;3364;8139;113;105;3496;1274;1;4;;24;11;2;;4;1;0;0;1;6;1;2;1;;3;1;4;0.62;29.27;11.97;3;0.2;4;2.32;0;0;;1;1;
BIO;2019;270000367;270000086;1;0;0;1;0;1;0;0;0;0;1;1;1;1;0;0;0;0;1;284652;4430;;0;0;0;0;;0;0;2;0;0;11;3;0;0;0;0;1;0;0;2;1;0;0;0;0;2.41;0;0;11.7;2.79;0;0;0;0;0;;0;1;0;1
BIO;2019;270000458;270023724;1;1;0;1;1;1;0;0;0;0;1;1;0;0;0;0;0;0;1;251228;57210;20563;;;;;;;;;2;;10;7;;;;;;0;0;2;1;;;;;;2;0.17;12.25;7.78;;;;;;0;;;1;
BIO;2019;270000912;750814030;1;0;0;1;1;0;0;0;0;0;1;0;0;0;0;0;0;0;1;235689;6703;0;;;;;;;;;1;;5;;;;;;;1;;;;;;;;;1.1;;5;;;;;;;0;;;0;
BIO;2019;280000084;280000183;1;1;0;1;1;1;1;1;0;0;1;1;1;1;0;0;1;1;1;1219010;50317;24;;;;;;;;3;2;1;17;8;;;;;;;;11;4;;;;;3.37;1.83;1;25.55;10.42;;;;;;;1;1;1;1
BIO;2019;280000662;280500075;;;;;;;;;;;;;;;;;;;1;220495;38183;;;;;;;;;1;;;5;1;;;;;;;;5;;;;;;1;;;9.28;1;;;;;0;;0;0;;0
BIO;2019;280504267;280000134;1;1;0;1;1;0;0;1;0;0;1;1;1;1;0;0;1;1;1;1109380;465120;447282;667;0;7367;0;73;1001;0;7;1;1;27;4;2;;3;1;1;;;7;3;0;;3;2;5.21;0.97;1;31.13;5.84;1.98;;5.77;2.1;0;0;0;1;1;0
BIO;2019;290000025;290020700;1;1;0;1;1;0;0;1;0;0;1;1;1;1;1;1;1;1;1;920633;350013;134236;;;;;;;;1;4;3;30;9;;;;;;1;0;12;8;;;;;1;4.4;1.25;43.78;18.38;;;;;0;0;0;1;1;0
BIO;2019;290000033;290021542;1;0;0;1;1;1;0;0;0;0;1;1;1;0;0;0;0;0;;750309;75030;75030;;;;;;;;3;;;28;5;;;;;1;;;7;2;;;;;4.3;;;33.11;5.03;;;;;0;;;1;;
BIO;2019;290000173;290000041;1;1;0;1;1;1;0;0;0;0;0;0;0;0;0;0;0;0;0;159541;0;0;;;;;;;;1;;;7;;;;;;;;1;3;;;;;;1;;0.4;9.11;;;;;;0;;;1;;
BIO;2019;290000181;290000074;1;1;0;1;1;0;0;0;0;0;0;0;0;0;0;0;0;0;1;110292;3037;0;0;;0;;;0;;;1;;3;;;;;;;;;2;1;;;;;;0.2;;5.16;0.5;;;;;0;0;0;0;1;1
BIO;2019;290000728;750821092;1;1;0;1;1;1;1;0;1;0;1;1;1;1;0;0;0;0;0;317951;69960;61;;;;;;;;;1;;15;2;;;;;2;1;1;5;;1;;;;0.94;1.09;0.8;15.93;2;0.16;;;;0;0;1;1;1;0
BIO;2019;290000785;220020739;;;;;;;;;;;;;;;;;;;;;;;;;;;;;;1;;;4;4;;;;;;;;3;5;;;;;1.1;;;5.54;6.53;;;;;0;0;0;0;;0
BIO;2019;290000934;560005746;1;1;0;1;1;0;0;0;0;0;1;1;1;0;0;0;0;0;1;284406;9669;9010;;;;;;;;;;1;6;2;;;;;;1;;2;3;;;;;;0.2;1;7.89;4.3;;;;;0;0;;1;1;
BIO;2019;290004324;290000017;1;1;0;1;1;1;1;1;1;0;1;1;1;1;1;1;1;1;0;3529311;124453;;11647;4817;25591;271;526;8285;99;21;21;6;60;10;8;;;;2;;3;30;8;2;;;;14.3;19.02;6.94;88.49;16.61;6.91;;;;0;0;1;1;1;1
BIO;2019;2A0000022;2A0000014;1;0;0;1;1;1;0;1;0;0;1;1;1;0;0;0;0;0;1;720638;79547;63760;1272;960;3879;30;118;776;295;;3;2;33;8;1;1;4;3;;1;;3;;;;;;;3.4;2;33.82;8;1;1;4;3.27;;;;;;
BIO;2019;2B0000012;2B0000020;1;1;0;1;1;1;1;1;0;0;1;1;1;1;0;0;0;0;0;898817;1683;;0;0;0;0;0;0;0;3;0;1;25;3;0;0;0;0;0;0;1;3;2;0;0;0;0;3;0;1.25;24.47;3.36;0;0;0;0;0;0;1;1;1;0
BIO;2019;300000023;300780046;1;1;0;1;1;1;0;0;0;0;1;1;1;1;0;0;0;0;1;708667;70779;52101;;;;;;;;1;2;2;27;6;;;;;1;0;;5;2;;;;;1.37;2;1.1;18.62;6.6;;;;;0;0;1;1;1;0
BIO;2019;300000031;300780053;1;1;0;1;1;1;0;0;0;0;1;1;1;1;0;0;0;0;1;609263;217071;6940;;;;;;;;0;2;0;12;3;0;;;;1;0;0;6;1;0;;;;0.04;2.05;0;16.56;3.21;0;;;;0;0;1;1;1;0
BIO;2019;300782117;300780038;1;1;0;1;1;1;1;1;0;0;1;1;1;1;1;1;1;1;1;3593029;45577;;8727;2851;24082;150;390;684;3;29;;3;60;26;5;1;27;18;3;;;11;3;2;;8;6;23.2;;3;67.36;27.53;5.88;1;31.67;23.02;0;0;0;1;;0
BIO;2019;310000310;310780671;1;1;0;1;1;1;0;0;0;0;1;1;1;0;0;0;0;0;1;63703;7181;;0;;0;;;0;;2;;;14;3;;;;;1;1;1;1;1;;;;;1.83;1.93;0.8;14.8;2.66;;;;;;;1;1;;0
BIO;2019;310016977;310781406;0;0;0;0;0;0;0;1;0;0;0;0;0;0;0;0;1;1;;20396;;;;;;;;;;1;1;;9;16;;;;;3;;;2;6;;;;;2.55;0.46;;9.3;17.14;;;;;0;0;0;0;0;0
BIO;2019;310025333;310781406;0;0;0;1;1;0;0;0;0;0;0;0;0;0;0;1;0;0;1;82469;78079;;10663;4297;45271;309;973;35043;2109;6;;1;32;0;21;2;46;1;;;;3;5;10;;9;0;4;;1;31.95;3.33;17.12;2;47.92;1;1;1;1;1;1;1
BIO;2019;310782347;310789136;1;1;0;0;0;0;0;0;0;0;0;0;0;0;1;1;0;0;0;435987;347191;347191;;;;;;;;6;2;5;23;13;4;;;1;4;0;1;3;0;4;;2;1;5.14;0.58;5.57;24.36;11.88;5.08;;2.09;1.8;;;;;;
BIO;2019;310783048;310781406;1;1;1;1;1;1;1;1;0;0;1;1;1;1;1;1;1;1;1;3271484;461999;;;;;;;;;54;5;5;209;28;;;;;10;3;2;42;17;;;;;38.56;3.45;4.92;231.23;28.67;;;;;1;1;1;1;1;1
BIO;2019;310783055;310781406;1;1;0;1;1;0;0;0;1;0;0;0;0;0;0;0;0;0;1;2199330;17400;;;;;;;;;9;;1;45;;;;;;;;1;2;1;;;;;5.3;;1.3;45.03;0.47;;;;;1;1;1;1;1;1
BIO;2019;320000086;320780117;1;0;0;1;1;1;1;0;0;0;1;1;1;0;0;0;0;0;1;716584;48934;23429;0;0;0;0;0;0;0;3;0;1;14;5;0;0;0;0;0;0;0;9;4;0;0;0;0;3;0;1;20.95;7.4;0;0;0;0;1;0;;1;0;
BIO;2019;330000555;330781204;1;1;0;1;1;1;0;0;0;0;1;1;1;0;0;0;0;0;1;639918;35217;4499;;;;;;;;4;;1;10;4;;;;;1;;;5;;;;;;3.39;;0.1;13.75;3.2;;;;;0;;0;1;;1
BIO;2019;330000589;330027509;1;1;0;1;1;1;0;0;0;0;1;1;1;0;0;0;0;0;1;330763;61804;55076;0;;0;;;;;2;0;0;8;2;0;0;0;0;1;0;1;5;2;0;0;0;0;3;0;0.8;12.63;3.56;0;0;0;0;0;0;0;0;0;1
BIO;2019;330000605;330781253;1;1;0;1;1;1;1;1;0;0;1;1;1;1;0;0;0;0;1;1452921;54672;26;3432;2056;13725;80;88;;;3;5;1;34;14;6;;3;3;;1;1;3;1;;1;2;1;2.84;5.18;0.68;34.73;15.58;5.14;0.3;4.52;3.27;0;0;;1;1;
BIO;2019;330000662;330781329;1;0;0;1;1;1;0;1;0;0;0;0;0;0;1;;0;0;1;319751;312;302;5301;50;11839;0;277;6883;0;2;1;;13;6;8;;33;13;1;;1;2;;3;1;2;1;2.1;0.5;0.7;11.5;4.2;8.87;0.5;29.2;12.5;0;0;0;0;0;0
BIO;2019;330781303;750821092;1;1;0;1;1;1;0;1;0;0;1;1;1;1;0;0;0;0;1;437612;252602;201545;0;0;0;0;0;0;0;0;2;1;18;2;0;0;0;0;4;0;0;2;0;0;0;0;0;1.79;2.66;1;22.03;2.41;0;0;0;0;0;0;1;0;1;0
BIO;2019;330781352;330781196;1;0;0;1;1;0;0;0;0;0;0;0;1;0;0;0;0;0;0;564856;67390;0;;;;;;;;;;;9;;;;;;1;5;;2;;;;;;0.3;0.95;;4.45;;;;;;0;0;0;0;0;0
BIO;2019;330781360;330781196;1;1;0;1;1;0;1;1;1;1;1;1;1;1;1;0;1;1;1;4247457;1007586;166766;2240;0;21732;0;261;1024;0;26;25;6;196;85;11;1;16;8;10;19;3;33;17;2;;1;1;21.3;27.4;9.17;226.3;91.2;12.55;1;15.98;8.48;0;0;1;1;1;1
BIO;2019;330783648;330781196;1;0;0;1;1;1;0;0;0;0;1;0;1;0;0;1;0;0;0;2176232;135580;28576;10533;2822;23003;78;604;5138;1;8;5;1;49;7;9;1;15;5;1;10;2;13;8;3;;1;1;8;7.15;2.2;58.5;10.7;7.7;1;15.7;6;0;0;;1;1;
BIO;2019;340000033;340780055;1;;;1;1;;;;1;;1;1;1;1;;;;;1;733666;41115;133;3654;2044;6648;44;83;2487;1895;3;;1;21;4;3;1;4;3;2;;1;7;5;;1;1;1;4.45;;1.25;25.85;7.03;2.78;1.15;5.04;3.48;;;;;;
BIO;2019;340000207;340780493;0;0;0;0;0;0;0;0;0;0;0;0;0;0;0;1;0;0;0;304;223;;4158;;8920;;484;204;;1;;;;;5;1;16;5;;;;;;3;;5;0;0.45;;;;;6.11;1;17.21;3.21;0;0;0;0;0;0
BIO;2019;340000223;340011295;1;1;0;1;1;0;0;1;0;1;1;1;1;1;0;0;1;0;1;893796;105971;0;4032;3413;1570;12;16;;;1;0;0;17;7;1;0;5;0;3;0;0;3;1;0;0;0;0;3.62;0;0;19.4;4.68;1;0;1.45;0;;;;;;
BIO;2019;340015502;340000512;1;1;0;1;1;1;1;1;0;0;1;1;1;1;1;1;1;1;1;981927;156710;;;;;;;;;3;;4;7;16;;;;;;;;;;;;;;3;;4;7;16;;;;;1;;1;1;;1
BIO;2019;340022979;340000306;1;0;0;1;1;0;0;0;0;0;0;0;0;0;0;0;1;1;1;49000;25400;;;;;;;;;2;1;;15;10;;;;;;;;;;;;;;2;1;;15;10;;;;;0;0;0;1;1;1
BIO;2019;340780675;340000298;1;1;0;1;1;1;1;1;0;0;1;1;1;0;1;1;0;0;1;;;;;;;;;;;;;;;;;;;;;;;;;;;;;;;;;;;;;;0;0;0;1;0;1
BIO;2019;340782036;340780477;0;0;0;1;1;1;1;1;1;0;0;1;1;1;0;0;0;0;1;1536252;77925;;;;;;;;;23;4;1;80;9;;;;;3;;;2;;;;;;18.54;2.98;2.17;77.26;8.4;;;;;0;0;1;1;1;1
BIO;2019;340782085;340780477;;;;;;;;;;;;;;;;;;;;;;;11697;335;31899;80;805;6417;21;;;;;;12;1;18;3;;;;;;;;1;;;;;;;7.6;1;18.11;2.93;;;;;;
BIO;2019;340785161;340780477;1;1;1;0;0;0;0;0;0;0;0;0;1;1;0;0;0;0;0;3915337;235125;;;;;;;;;11;3;;55;8;;;;;1;;1;1;;;;;;7.99;1.8;1.46;50.21;6.32;;;;;0;0;1;1;1;1
BIO;2019;340796663;340780477;0;0;0;0;0;0;0;0;0;0;1;0;0;0;1;1;1;1;0;287497;20786;;;;;;;;;23;4;2;83;9;;;;;3;;2;2;;;;;;18.54;2.98;3.2;74.87;8.05;;;;;0;0;;1;1;
BIO;2019;350000147;350000022;1;1;0;1;1;1;1;1;0;0;1;1;1;1;0;0;0;0;1;1160577;65846;29246;;;;;;;;0;1;1;28;10;0;0;0;0;1;5;0;17;4;0;0;0;0;0.4;4;0.92;38.61;12.66;0;0;0;0;0;0;1;1;1;0
BIO;2019;350000154;350000030;1;1;0;1;1;1;0;0;0;0;1;1;1;1;0;0;0;0;1;241953;19923;1697;;;;;;;;2;;;12;5;;;;;2;;;3;2;;;;;2.72;;;14.63;5.74;;;;;0;;1;;;0
BIO;2019;350000337;350000246;1;1;0;1;1;0;0;0;0;0;1;0;1;0;0;0;0;0;0;146594;0;0;;;;;;;;;2;;1;1;;;;;;1;;5;1;;;;;;1.73;;4.93;1.38;;;;;;0;0;;0;0
BIO;2019;350000741;350005179;1;1;0;1;1;1;1;1;1;0;1;1;1;1;1;1;0;0;1;3316651;398064;;12487;3449;26848;529;390;15999;4384;39;31;6;137;73;12;0;13;8;7;5;1;61;18;1;0;9;1;28.14;19.64;7.55;172.61;79.05;11.32;0.61;18.67;8.07;0;0;1;1;1;1
BIO;2019;350002812;350023503;1;0;0;1;1;0;0;0;0;0;0;0;1;0;0;1;0;0;1;140425;28980;311;;;;;;;;0;1;0;2;1;;;;;1;1;1;5;2;;;;;0.9;1.29;0.3;6.26;1.79;;;;;0;0;0;0;0;0
BIO;2019;350007084;350005179;1;0;0;1;1;0;0;0;0;;1;0;0;0;0;0;1;1;1;359669;2492;;;;;;;;;1;1;1;8;13;;;;;1;1;0;6;8;;;;;1.15;0.84;1;13.15;9.91;;;;;;;;;;
BIO;2019;370000861;370000481;1;1;0;1;1;0;1;1;0;0;1;1;1;1;1;1;1;1;1;1537616;1148264;437874;5740;1451;13617;17;432;67;0;18;;3;87;65;;;7;7;3;;0;29;15;;;3;3;13.94;;3;97.3;59.02;;;8.36;5.75;0;;;1;;
BIO;2019;370004467;370000481;1;1;0;1;1;0;0;0;0;0;1;0;1;0;0;1;0;0;1;1783468;909477;284445;9100;0;10720;0;343;4;0;8;;1;34;14;;1;8;4;1;;0;17;3;;0;5;1;5.93;;1;45.85;14.06;;1;11.15;4.6;0;;;1;;
BIO;2019;380000034;380780049;1;1;0;1;1;1;0;0;0;0;1;1;1;1;0;0;0;0;1;1320340;309774;;;;;;;;;0;1;1;21;2;0;0;0;0;4;0;0;8;0;0;0;0;0;4.09;0.16;0.5;26.53;2;0;0;0;0;;;;;;
BIO;2019;380000067;380780080;1;1;1;1;1;1;1;1;0;1;1;1;1;1;1;1;1;1;1;4165776;404977;;12262;2135;26968;101;489;3782;52;54;6;11;158;62;10;;17;2;12;3;;72;43;2;;7;1;40.21;6.93;10.62;212.61;92.95;10.82;;22.01;2.77;0;0;;1;1;
BIO;2019;380000174;380781435;1;0;0;1;1;1;0;1;0;0;1;1;1;0;0;0;0;0;1;596487;44181;3490;0;;0;;;;;;2;1;15;1;;;;;1;2;;12;4;;;;;0.82;3.6;1;25.16;3.01;;;;;0;0;1;1;1;0
BIO;2019;380012658;380012609;1;0;0;1;1;1;0;0;0;0;1;1;1;0;0;0;0;0;1;636699;147829;69936;;;;;;;;;2;1;14;7;;;;;1;4;;13;12;;;;;0.8;5.1;1;26.08;12.95;;;;;0;0;1;1;1;0
BIO;2019;380780288;380019224;;;;;;;;;;;;;;;;;;;;;;;;;56;;56;;;;;;;;;;;;;;;;;14;;;;;;;;;1;;;;;;;;;
BIO;2019;380786442;380798025;1;1;0;1;1;1;1;1;0;0;1;1;1;1;0;0;1;1;1;155805;231813;510;;;;;;;;1;2;;13;7;;;;;2;;;4;6;;;;;3;2;;16.2;11.8;;;;;1;1;1;;;
BIO;2019;390000040;390780146;1;1;0;1;1;1;0;0;0;0;1;1;1;1;0;0;0;0;1;488187;35382;18896;0;0;0;0;0;0;0;;1;;9;2;;;;;;5;1;12;2;;;;;;3.85;0.9;18.9;4.36;;;;;;0;1;;1;0
BIO;2019;390000065;390780161;1;1;0;1;1;1;0;0;0;0;0;0;1;1;0;0;0;0;1;105408;20302;5440;0;0;0;0;0;0;0;;;;5;1;;;;;;;1;2;;;;;;;;0.2;6.95;1.08;;;;;;;0;;;1
BIO;2019;390000222;390780609;1;1;0;1;1;1;1;0;0;0;1;1;1;1;0;0;0;0;1;597608;64905;27871;;;;;;;;4;;2;17;2;;;;;1;;;3;5;;;;;3.32;;2;19.36;5.69;;;;;0;;0;1;;0
BIO;2019;400000105;400780193;1;1;0;1;1;0;0;1;0;0;1;1;1;1;0;0;0;0;1;747524;30708;4448;4094;1565;8471;7;191;517;231;2;3;1;17;5;3;0;1;0;;;;6;4;;;4;1;1.37;2.8;1;22.02;8.06;1.83;;3.97;1.02;0;0;0;1;1;0
BIO;2019;400000139;400011177;1;1;0;1;1;0;1;0;0;0;1;1;1;0;0;0;0;0;1;660552;85067;26330;516;1;5073;0;101;1282;0;4;;1;23;3;2;0;2;1;2;;0;3;8;0;0;3;8;4.12;;1;24.59;10.5;2.52;0;3.56;1.54;0;0;1;1;1;0
BIO;2019;400780359;400000204;;;;;;;;;;;;;;;;;;;;4197;0;;610;;4056;;;;;2;;;;;2;;;;;;;;;;;;;2;;;;;2;;;;;;;;;
BIO;2019;410000020;410000087;1;1;0;1;1;0;0;1;0;0;1;1;1;0;0;0;0;0;1;896700;106441;714;5893;1834;7937;26;198;19654;11569;2;2;1;28;7;4;0;5;5;0;1;0;2;1;0;0;0;0;2;2.92;1;26.85;6.65;4;0;6.36;6.5;0;0;1;1;1;0
BIO;2019;420000010;420780033;1;1;0;1;1;0;0;1;0;0;1;1;1;1;0;0;0;0;1;787314;237307;26579;5575;2816;5538;18;435;1137;742;4;2;1;26;8;1;;3;3;0;0;;11;3;3;;1;;2.6;1.94;0.9;32.42;9.44;2.69;0.1;3.79;3.7;0;0;0;1;0;0
BIO;2019;420000226;420013831;1;0;0;1;1;1;0;0;0;0;1;1;1;1;0;0;0;0;1;469124;75122;19;0;0;0;0;0;0;0;1;0;0;0;0;0;0;0;0;4;0;1;21;12;0;0;0;0;3.53;0;0.46;15.42;6.82;0;0;0;0;0;0;0;1;;0
BIO;2019;420000234;420780652;1;1;0;1;1;1;0;0;0;0;1;1;1;0;0;0;0;0;1;751678;78987;63454;0;;0;;;0;;1;;1;13;4;;;;;2;1;;11;2;;;;;1.69;0.6;1;18.62;4.27;;;;;0;0;1;1;1;0
BIO;2019;420011413;420011405;1;0;0;1;1;1;0;0;0;0;1;0;1;0;0;0;0;0;0;440363;106843;49653;;;;;;;;1;1;1;16;5;;;;;1;;;2;;;;;;1.5;1;1;17.3;5;;;;;1;;;1;;
BIO;2019;420785354;420784878;1;1;0;1;1;1;1;1;0;1;1;1;1;1;1;1;1;1;1;2589258;699693;;10905;2255;22587;78;812;483;0;32;;4;110;39;;0;13;5;2;;0;56;11;;0;8;2;30.15;;3.8;141.87;45.51;;0;19.21;6.34;0;;0;1;;0
BIO;2019;430000117;430000018;1;1;0;1;1;0;1;1;0;0;1;1;1;1;0;0;0;0;1;972320;112537;69507;;;;;;;;2;0;1;23;5;0;0;0;0;1;1;0;11;2;0;0;0;0;2.6;1.4;1;30.6;6.14;0;0;0;0;0;0;1;1;1;0
BIO;2019;440000016;440000057;1;1;0;1;1;0;0;1;0;0;1;1;1;1;0;0;1;1;1;1125662;389939;239588;6695;6256;5978;59;158;14875;1654;1;5;2;17;8;7;;2;3;0;;1;23;5;1;1;5;5;1;5;2.7;36;11.65;4.18;0.3;6.01;4.95;0;0;;1;0;
BIO;2019;440000271;440000289;1;1;0;1;1;0;1;1;1;0;1;1;1;1;1;1;1;1;1;5388236;154379;120558;9805;328;27241;13;213;368;;12;14;1;105;48;5;0;25;13;8;36;0;58;12;10;0;18;2;9.76;29.94;0.92;145.66;65.59;6.36;0;38.24;13.79;0;0;;1;1;
BIO;2019;440001113;490017258;1;1;0;1;1;0;0;1;0;0;0;0;0;0;0;1;0;0;;172539;8242;8242;2882;316;7130;11;203;;;;1;1;3;;2;;2;2;3;1;;2;3;;;;;1.5;1.31;0.96;4.43;1.11;1.98;;1.94;1.85;0;0;0;0;0;0
BIO;2019;440017598;440000289;1;0;0;1;1;0;0;0;0;0;1;0;0;0;0;0;0;0;0;1458855;23892;23789;0;;0;;;;;1;1;0;18;1;;0;0;0;1;3;0;11;1;1;0;0;0;0.3;2.75;0;24.29;1.63;0.05;0;0;0;;;;;;
BIO;2019;450000047;450000096;1;1;0;1;1;1;0;0;0;0;1;1;1;1;0;0;0;0;1;197398;3779;0;;;;;;;;;;1;4;1;;;;;2;;;;;;;;;0.7;;0.1;4.42;1;;;;;0;0;0;1;1;1
BIO;2019;450000062;450000104;1;0;0;1;1;1;0;0;0;0;1;1;1;0;0;1;0;0;1;560712;23562;10274;;;;;;;;;1;1;4;1;;;;;;3;;16;5;;;;;;3.34;1;16.19;4.05;;;;;;0;1;;1;0
BIO;2019;450000070;450000112;1;1;0;1;1;1;0;0;0;0;0;0;0;0;0;0;0;0;1;1479650;1413756;;0;0;;;;;;;;;5;1;;;;;1;;;;;;;;;0.9;;0.12;6.04;2.25;;;;;;;;;;
BIO;2019;450002613;450000088;1;1;0;1;1;0;1;1;1;0;1;1;1;1;1;1;1;1;1;2154579;153091;115426;12307;2866;12971;35;510;8575;2728;8;7;4;44;41;5;0;7;3;0;0;0;31;9;2;0;4;1;6.28;7.25;3.96;67.41;45.16;5.47;0;9.81;3.2;0;0;1;1;1;0
BIO;2019;460000102;460780208;1;0;0;1;1;0;0;0;0;0;0;0;0;0;0;0;0;0;0;1462775;;;;;;;;;;;;;4;;;;;;1;;;1;1;;;;;0.4;;;4.47;0.1;;;;;0;0;0;0;0;1
BIO;2019;460000110;460780216;1;1;0;1;1;0;0;1;0;0;1;1;1;1;0;0;0;0;1;557277;117852;64415;;;;;;;;0;3;1;14;6;0;0;0;0;0;1;0;10;0;0;0;0;0;0;3.87;1;21.55;5.46;0;0;0;0;0;0;1;0;1;0
BIO;2019;470000423;470016171;1;1;0;1;1;0;0;1;0;0;1;1;1;0;0;0;0;0;1;867801;55130;26596;501;2;661;0;5;;;3;;;19;6;;;;0;2;;;10;6;;;;1;4.05;;;22.99;7.75;;;;0.01;0;;1;1;;0
BIO;2019;470000431;470000324;1;1;0;1;1;0;0;0;0;0;0;0;1;1;0;0;0;0;1;461642;38393;10689;;;;;;;;2;;1;17;2;;;;;;;;2;;;;;;2;;1;17.96;2;;;;;0;;1;1;1;
BIO;2019;470000480;470001660;1;1;0;1;1;1;0;0;0;0;1;1;1;0;0;0;0;0;1;297038;10000;;;;;;;;;2;1;;14;4;;;;;0;0;1;6;2;;;;;2;1;0.67;18.48;5;;;;;0;0;1;1;1;1
BIO;2019;480000017;480780097;1;1;0;1;1;1;0;0;0;0;1;1;1;0;0;0;0;0;1;423436;39914;;0;0;0;0;0;0;0;1;5;;;;;1;10;3;;;;;;;;5;1;1;5.03;;;;;0.94;14.16;3.5;0;0;0;1;1;0
BIO;2019;490000049;490000031;1;1;0;1;1;0;1;1;1;0;1;1;1;1;1;1;1;1;1;3567658;196738;181097;8631;2783;23961;56;321;1038;231;24;27;6;116;49;7;1;15;6;8;4;0;46;21;2;0;10;5;28.38;27.91;5.79;148.34;59.1;7.91;1;23;8.51;0;0;1;1;0;1
BIO;2019;490000155;490017258;1;1;0;1;1;0;0;0;0;0;0;0;0;0;1;1;0;0;;87931;6546;6546;3983;609;4065;20;61;1891;;1;3;;9;1;2;;6;2;1;1;;8;2;1;;3;;0.13;3.87;;15.42;2.43;2.72;;7.48;1.79;;;;;;
BIO;2019;490000635;490000676;1;1;0;1;1;1;0;1;0;0;1;1;1;1;0;0;0;0;1;1574693;155687;47754;;;;;;;;5;2;1;21;4;;;;;;;;12;7;;;;;4.7;1.3;1;31.04;9.23;;;;;0;0;0;1;1;1
BIO;2019;490001765;490528452;1;0;0;1;1;1;0;0;0;0;1;1;1;0;0;0;0;0;1;351797;14094;61;;;;;;;;2;;1;10;3;;;;;1;2;;6;1;;;;;1.83;0.81;1;13.84;3.14;;;;;0;0;0;1;1;0
BIO;2019;500000021;500000054;1;1;0;1;1;1;0;0;0;0;1;1;1;0;0;0;0;0;1;708001;116445;;;;;;;;;;2;;24;10;;;;;;4;;16;28;;;;;;5.1;;35.38;15.45;;;;;;0;0;;1;0
BIO;2019;500000187;500000013;1;1;0;1;1;1;1;1;0;1;1;1;1;1;0;0;0;0;1;1070499;95877;23145;6040;2532;5922;39;190;111;61;6;;1;32;10;2;1;4;3;0;0;0;8;1;2;0;3;1;4.68;0;0.56;35.24;10.44;2.86;0.14;6.71;4.2;0;0;1;1;1;0
BIO;2019;500000450;500000112;1;0;0;0;1;1;1;1;0;0;1;0;1;0;0;0;0;0;1;822723;231574;166414;;;;;;;;2;2;1;27;6;;;;;1;2;;2;5;;;;;2.61;2.82;0.93;28.45;7.98;;;;;0;0;0;1;1;0
BIO;2019;500002357;500002233;1;;;1;1;1;1;;;;1;1;1;1;;;1;1;1;10707;;;4967;;8716;;23;;;;;;;;;;;;;1;;3;2;6;;;1;;0.75;;2;1;0.2;;;1;;0;0;;1;1
BIO;2019;510000169;510000037;1;1;0;1;1;1;0;0;0;0;1;1;0;1;0;0;0;0;0;472129;86839;22363;;;;;;;;1;;;3;;;;;;1;;1;11;3;;;;;1.95;;0.1;12.65;1.48;;;;;0;;1;1;;0
BIO;2019;510000235;510000060;1;1;0;1;1;1;0;0;0;0;1;1;0;0;0;0;0;0;1;;;;;;;;;;;;1;;7;3;;;;;;1;1;5;4;;;;;;1.8;0.59;10.48;4.78;;;;;;0;1;;1;0
BIO;2019;510000516;510000136;0;0;0;0;0;0;0;0;0;0;0;0;0;0;1;1;0;0;1;1376;1350;;2244;41;4696;8;56;1154;286;1;;;4;1;3;;3;3;1;;;;;2;;3;1;1.7;;;4;1;3.4;;5.1;3.75;;;;;;
BIO;2019;510002447;510000029;1;1;0;1;1;0;1;1;1;0;1;1;1;1;1;1;1;1;0;3234707;182530;;11653;3612;21167;111;460;5118;2078;44;7;13;124;43;12;2;20;16;5;1;0;43;16;;0;4;1;32.6;5.28;6.52;141.71;44;6.65;1.3;22.66;15.26;0;0;1;1;1;1
BIO;2019;520000027;520780032;1;1;0;1;1;1;1;1;0;0;1;1;1;1;0;0;0;0;1;453530;;;;;;;;;;;;;3;1;;;;;;2;2;16;3;;;;;0.23;1.43;1.08;15.26;3.09;;;;;0;0;0;1;1;1
BIO;2019;520000043;520780057;1;1;0;1;1;1;0;0;0;;1;0;1;1;0;0;0;0;1;204872;92101;47973;;;;;;;;1;;;8;2;;;;;1;;;1;1;;;;;1.9;;;8.1;2.35;;;;;0;;0;1;;1
BIO;2019;540000015;540023264;0;0;0;0;0;0;0;0;0;0;0;0;0;0;0;0;1;1;0;2744;2608;;;;963;;;;;4;;2;8;6;2;;;;;;;8;1;;;;;3;;1.11;12.89;5.71;1.5;;;;0;;0;0;;0
BIO;2019;540001070;540000767;1;0;0;1;1;1;0;0;0;0;1;0;1;0;0;0;0;0;1;461478;7558;0;;;;;;;;2;;1;9;3;;;;;1;;0;8;1;;;;;2.58;;1;14.05;3.79;;;;;0;;0;1;;0
BIO;2019;540001138;540023264;1;1;0;1;1;0;0;0;0;0;0;0;0;0;0;0;0;0;0;239332;;;;;;;;;;11;1;1;44;7;;;;;6;;;17;2;1;;;;9.41;0.5;0.63;63.3;8.68;1.64;0.17;4.98;1.52;;;;;;
BIO;2019;540001286;540003019;1;0;0;0;0;0;0;0;0;0;0;0;0;0;0;1;0;0;0;777;2315;2270;2716;78;6432;10;124;1638;506;;;;3;;3;1;12;1;3;;;;;2;;1;;1.5;;;3.01;;3.75;1;12.33;0.98;0;0;0;0;0;0
BIO;2019;540002698;540023264;1;1;0;1;1;0;1;1;1;0;1;1;1;1;1;1;0;0;;3824494;794804;324582;11867;4838;24530;29;410;588;;38;3;7;116;46;6;;;;6;1;;64;17;5;;;;30.48;1.18;5.57;163.16;46.28;4.16;0.72;16.2;3.1;0;0;1;1;1;1
BIO;2019;550000012;550006795;1;1;0;1;1;1;1;1;0;0;1;1;1;1;0;0;0;0;1;893875;125727;;0;;0;;;;;3;;1;22;5;;;;;;;;2;;;;;;3;;0.1;19.9;5.24;;;;;0;0;1;1;1;
BIO;2019;560000127;560023210;1;1;0;1;1;0;1;1;0;0;1;1;1;1;0;0;0;0;1;1166923;97153;71925;11122;3101;12351;69;340;2750;5;1;6;2;36;14;4;0;2;2;0;0;0;10;6;0;1;5;1;1;6;0.77;42.57;17.35;2.68;0.36;6.3;2.8;0;0;0;1;1;0
BIO;2019;560000135;560005746;1;1;0;1;1;0;0;0;0;0;1;1;1;0;0;0;0;0;1;949595;110824;110103;;;;;;;;3;2;;22;9;;;;;2;3;;24;1;;;;;3.2;4.4;0.83;41.5;9.93;;;;;0;0;;1;1;
BIO;2019;560000143;560014748;1;1;0;1;1;1;0;0;0;0;0;1;0;0;0;0;0;0;1;;;;;;;;;;;4;;;18;6;;;;;0;;;1;0;;;;;2.75;;;17.59;5.18;;;;;0;;;1;;
BIO;2019;570000059;570025254;1;1;0;1;1;1;0;0;0;0;1;1;1;0;0;0;0;0;0;460447;3042;161;;;;;;;;2;;;14;1;;0;0;0;1;1;;2;2;;0;0;0;2.1;0.1;;15.7;2.3;;0;0;0;0;;1;1;;0
BIO;2019;570000117;570015099;1;0;0;1;1;1;0;0;0;0;1;1;1;0;0;0;0;0;1;318772;102898;46836;;;;;;;;3;;1;15;3;;;;;0;;0;2;1;;;;;3;;1;16.72;3.59;;;;;0;;1;1;;0
BIO;2019;570000349;570005165;1;1;0;1;1;1;1;0;0;0;1;1;1;0;0;0;0;0;1;1308849;84484;9423;5400;3204;6824;75;105;1367;1295;8;;1;37;13;0;;;;2;;0;20;4;2;;;;7.09;;1;53.33;11.61;1.2;;;;0;;0;1;;1
BIO;2019;570000901;570000158;1;1;0;1;1;1;1;0;0;0;1;1;1;1;0;0;0;0;1;497803;91476;90716;;;;;;;;2;1;1;11;3;;;;;;;;4;4;;;;;2;1;0.9;14.76;4.78;;;;;0;0;1;1;1;0
BIO;2019;570026252;570023630;1;0;0;1;1;1;0;1;0;0;1;1;1;1;0;0;0;0;1;1112271;107569;0;;;;;;;;4;1;1;15;3;;;;;;;;1;;;;;;3.16;1;1;14.19;3;;;;;0;0;0;1;0;1
BIO;2019;570026682;570005165;1;0;0;1;1;0;0;1;0;0;1;1;1;1;1;1;0;0;1;1951140;497821;322459;4196;14;15928;5;326;3224;0;14;;;44;6;1;;7;4;1;;;14;7;2;;5;1;8.43;;;53.21;11.76;2.2;;10.22;4.22;0;;0;1;;1
BIO;2019;580972685;580780096;1;1;0;1;1;0;0;0;0;0;0;0;0;0;0;0;0;0;1;200426;6283;6219;;;;;;;;7;;;;;;;;;;;;;;;;;;1;;;;;;;;;0;;;1;;
BIO;2019;580972693;580780039;1;1;0;1;1;0;0;1;0;0;1;1;1;1;0;0;0;0;1;794932;221750;138566;;;;;;;;1;5;1;35;6;;;;;;1;1;7;3;;;;;1;5.26;0.54;40.32;5.74;;;;;0;0;;1;1;
BIO;2019;590000121;590780227;1;0;0;1;1;1;0;0;0;0;1;1;0;0;0;0;0;0;1;845095;4634;18411;;;;;;;;1;;;12;3;;;;;1;;;5;1;;;;;1.93;;0.15;17.24;3.85;;;;;0;;;1;;
BIO;2019;590000188;590780334;0;0;0;0;0;0;0;0;0;0;0;0;0;0;1;1;0;0;0;1964;2013;2013;3808;10;11003;0;616;723;0;1;0;2;12;;5;2;12;2;1;0;0;1;;1;0;1;0;1.9;0;2;11.57;;5.17;2;12.21;2;0;0;0;0;0;0
BIO;2019;590000337;590781415;1;0;0;1;1;1;1;1;0;0;1;1;1;1;0;0;0;0;1;914000;72900;37500;0;0;0;0;0;0;0;;5;1;27;3;0;;;;1;1;1;14;3;2;;;;0.8;5.13;1.5;35.93;7.45;0.1;;;;0;0;1;1;1;0
BIO;2019;590000428;590781605;1;0;0;1;1;1;1;0;0;0;1;1;1;0;0;0;0;0;1;863743;29294;2364;;;;;;;;;4;1;17;5;;;;;;1;1;5;3;;;;;;3.69;1.5;20.76;6.96;;;;;0;0;0;0;1;0
BIO;2019;590000535;590781803;1;1;0;1;1;1;0;0;0;0;1;1;0;0;0;0;0;0;1;798284;57646;44789;;;;;;;;2;;0;12;5;;;;;5;;0;10;0;;;;;2.4;;0;19.52;4;;;;;0;;1;1;;0
BIO;2019;590000618;590782215;1;1;0;1;1;0;1;1;0;1;1;1;1;1;1;0;0;0;;2598709;746299;708982;11400;3378;17567;46;229;10235;1119;21;;2;60;33;7;;11;7;3;;0;29;10;8;;1;0;17.45;;2;76.05;38.37;6.02;;11.11;6.24;;;;;;
BIO;2019;590000758;590782637;;;;;;;;;;;;;;;;;;;;;;;;;;;;;;1;2;;20;2;;;;;;4;1;9;;;;;;1;4.79;1.06;23.19;1.16;;;;;0;0;0;1;1;0
BIO;2019;590000782;590782660;0;1;0;0;0;0;0;0;0;0;0;0;0;0;0;0;0;0;0;5276;43;43;;;;;;;;;1;;1;1;;;;;;;;;;;;;;;0.45;;0.5;0.05;;;;;0;0;0;0;0;0
BIO;2019;590001004;590783239;1;;;1;1;1;;1;;;1;1;1;1;;;;;1;1479761;;;;;;;;;;5;;1;19;5;;;;;1;;;11;2;;;;;5.53;;1;27.63;6.83;;;;;;;;;;
BIO;2019;590780284;590051801;1;1;0;0;1;1;1;1;1;1;1;1;1;1;0;0;0;0;0;2317650;93350;;0;;0;;;;;8;;;31;9;;;;;2;;1;5;4;;;;;9.4;;0.3;36.3;10.47;;;;;;;;;;
BIO;2019;590796975;590780193;1;1;0;1;1;0;1;1;1;0;1;1;1;1;1;1;1;1;0;10601139;3125441;858160;16177;4892;43472;111;1257;5872;482;68;63;;279;183;15;;25;18;10;10;;120;63;6;;9;7;51.61;53.66;;363.37;223.47;13.24;;31.65;23.76;1;1;1;1;1;1
BIO;2019;590797353;590051801;1;1;0;1;1;1;1;1;1;1;1;1;1;1;0;0;0;0;0;642315;58;;4253;1570;6789;12;;15511;728;1;;1;1;2;4;1;4;1;1;;1;;4;1;;4;;1.82;;1.95;0.5;3.41;4.06;0.5;6.82;1;;;;;;
BIO;2019;590801106;590782421;1;1;0;1;1;1;1;1;0;0;1;1;1;1;0;0;0;0;1;2048334;132954;79989;2201;2;4869;0;73;0;0;5;;1;29;6;2;;3;;2;;;11;;;;1;;6.4;;1.36;36.94;6;2;;4.25;;0;;;1;;
BIO;2019;590804696;590781902;1;0;0;1;1;1;1;1;0;0;1;1;1;1;0;0;0;0;1;971174;103941;66894;;;;;;;;;5;;25;11;;;;;;;;5;4;;;;;;5;;28.28;12.68;;;;;;0;1;;1;0
BIO;2019;590813507;590000485;1;1;0;1;1;1;1;0;0;0;1;1;1;1;0;0;0;0;1;70270;103803;0;;;;;;;;;;;5;3;;;;;1;1;;;;;;;;0.5;0.5;;5;3;;;;;;;;1;1;1
BIO;2019;600000012;600100028;1;0;0;1;1;1;0;0;0;0;1;1;0;0;0;0;0;0;0;78460;211019;203064;;;;;;;;3;;0;8;0;;;;;;;1;1;1;;;;;3;;0.5;9.29;1.6;;;;;0;0;1;1;1;0
BIO;2019;600000053;600101984;1;0;0;1;1;1;0;0;0;0;1;0;0;0;0;0;0;0;1;277605;55484;37825;;;;;;;;;2;;2;3;;;;;;1;1;11;2;;;;;;2.7;0.5;10.5;4.54;;;;;;0;1;;0;0
BIO;2019;600000194;600100713;1;0;0;1;1;1;0;0;0;0;1;1;1;0;0;0;0;0;1;1653480;290920;159826;9162;4807;6654;;174;129;1082;3;0;0;34;5;2;0;3;0;0;0;0;10;4;0;1;2;2;2.89;0;0.5;38.93;8.49;2;0.06;4.79;1.31;;;;;;
BIO;2019;600000467;600101984;1;0;0;1;1;0;1;1;0;0;1;1;1;1;0;0;0;0;1;742950;118959;105011;1615;83;4808;;10;7070;83;;2;;22;3;1;;2;2;;1;1;18;9;1;;;;;2.34;1.29;32.77;10.46;1.6;;2;2;;0;1;;1;0
BIO;2019;600113476;600100721;1;1;0;1;1;1;1;1;1;0;1;1;1;1;0;0;0;0;1;235114;;;;;;;;;;3;0;0;34;13;0;0;0;0;2;0;0;11;4;0;0;0;0;4;0;0;41.2;15.99;0.14;0;0;0;;;;;;
BIO;2019;610000051;610780082;1;1;0;1;1;0;0;0;0;0;1;1;1;1;0;0;0;0;1;881617;275342;159255;;;;;;;;2;;1;16;7;;;;;2;;;7;3;;;;;3.5;;1;22.61;8.08;;;;;0;;1;1;;0
BIO;2019;610000119;610780165;1;1;0;1;1;1;0;0;0;0;1;1;1;1;0;0;1;1;1;595698;141230;2295;;;;;;;;3;0;0;12;5;0;0;0;0;1;0;0;8;0;0;0;0;0;3.83;0;0;16.46;4.87;0;0;0;0;0;0;1;1;1;0
BIO;2019;620000034;620100057;1;1;0;1;1;1;1;1;0;0;1;1;1;1;0;0;0;0;1;1347315;259567;85090;;;;;;;;;5;;34;9;;;;;;3;;4;;;;;;;6.76;;38.27;9.54;;;;;;0;1;;1;0
BIO;2019;620000224;620100651;1;1;0;1;1;1;1;1;0;0;1;1;1;1;0;0;0;0;0;1273251;149513;99300;;;;;;;;;5;1;25;6;;;;;;2;;9;4;;;;;;5.4;1;30.17;8.9;;;;;;0;1;;1;0
BIO;2019;620000257;620100685;1;1;0;1;1;1;1;1;0;0;1;1;1;1;1;0;0;0;1;1995041;280294;232813;2709;41;5304;10;29;;;2;4;2;27;7;2;;4;2;0;3;;21;1;2;1;3;1;2;6.34;1.69;39.98;7.8;3.35;0.5;6.26;2;0;0;1;1;1;0
BIO;2019;620000323;620101337;1;1;0;1;1;1;0;0;0;0;1;1;1;1;0;0;0;1;0;709665;42193;19512;;;;;;;;;5;;20;3;;;;;;1;;6;6;;;;;;4.83;;24.23;6.52;;;;;;0;1;;1;0
BIO;2019;620000349;620101360;1;1;0;1;1;1;0;0;0;0;1;1;1;0;0;0;0;0;1;928781;5684;769;;;;;;;;;2;1;17;3;;;;;;2;1;10;1;;;;;;3.4;1;24.86;2.93;;;;;;0;1;;1;0
BIO;2019;620000653;620103440;1;1;0;1;1;1;1;1;0;0;1;1;1;1;0;0;1;1;1;1945819;49665;3835;;;;;;;;2;3;1;24;;;;;;;1;;9;;;;;;1.33;2.15;1;30.81;;;;;;;;;;;
BIO;2019;620003202;620103432;1;1;0;1;0;0;0;0;1;;1;1;1;;;;;;1;629253;171846;;2;2;35;0;;;;3;;1;11;1;;;;;;;1;6;2;;;;;2.95;;0.75;14.82;2.85;;;;;;;;;;
BIO;2019;630000016;630180032;1;0;0;1;1;0;0;0;0;0;0;0;0;0;0;0;0;0;0;805;0;0;0;0;0;0;0;0;0;0;0;0;0;0;0;0;0;0;1;0;0;2;0;0;0;0;0;0.4;0;0;0.8;0;0;0;0;0;0;0;0;0;0;0
BIO;2019;630000404;630780989;1;1;0;1;1;0;1;1;1;0;1;1;1;1;1;1;1;1;1;4027855;543373;530695;16250;6112;2356;79;554;6692;37;46;;4;127;75;9;1;14;6;11;;2;55;26;2;;9;2;35.19;;2.89;169.72;93.25;7;1;20.24;6.54;;;0;1;;
BIO;2019;630000438;630781011;1;0;0;1;1;0;0;0;0;0;0;0;0;0;0;0;0;0;1;410050;;;0;;0;;;;;;1;;5;3;;;;;;1;;1;;;;;;;1.7;;5.8;3;;;;;;;;;;
BIO;2019;630000479;630781110;0;0;0;0;0;0;0;0;0;0;0;0;0;0;1;1;0;0;0;8444;1797;;8458;22;10226;;504;838;;1;;1;8;10;4;3;15;6;3;;2;4;1;3;0;1;0;2.3;;2.61;11.7;9.41;5.89;2.33;14.14;5.38;0;0;0;0;0;0
BIO;2019;630780369;630000164;;;;;;;;;;;;;;;;;;;;1333;;;;;14545;;;;;;;;;;;;;;;;;1;;12;;;;;;;0.2;;0.5;;;;;;;;;
BIO;2019;640000162;640780417;1;1;1;0;1;1;0;1;1;0;0;1;1;1;1;0;0;0;1;1374515;113839;113500;;137;;1;;;0;5;1;;41;11;;;;;2;;1;3;5;;;;;6.5;1;0.83;40.55;12.88;;;;;0;0;0;1;1;0
BIO;2019;640000410;640780821;1;1;0;1;1;1;0;0;0;0;1;1;1;0;0;0;0;0;1;227278;7017;;;;;;;;;;2;;9;;;;;;2;;;;1;;;;;0.9;2;;8.95;0.92;;;;;0;0;0;0;0;0
BIO;2019;640000600;640781290;1;1;0;1;1;0;0;1;0;0;1;1;1;1;0;0;0;0;1;1794916;73030;53225;2753;3;8726;2;148;3955;2;7;0;2;27;16;3;1;3;6;2;0;0;15;1;0;0;1;0;8.7;0;1.75;37.93;14.65;3;0.25;3.9;2.61;0;;;1;;
BIO;2019;650000045;650780158;0;0;0;0;0;0;0;0;0;0;0;0;0;0;0;0;0;0;0;0;0;0;0;0;0;0;0;0;0;3;0;1;9;1;0;0;0;0;1;0;0;3;;0;0;0;1;3.5;0;1;10.13;0.5;0;0;0;0.8;;;;;;
BIO;2019;650000417;650783160;1;1;0;1;1;1;1;1;0;0;1;1;1;1;0;0;0;0;0;787047;24475;165;6420;3039;6015;88;90;7506;2392;1;4;1;29;6;3;1;4;3;0;;;2;1;;;;;1;4;1.13;29.29;7.13;3;0.2;3.95;2.37;0;0;1;1;1;0
BIO;2019;660000084;660780180;1;1;0;1;1;0;1;0;0;0;1;1;1;1;0;0;0;0;1;2006882;22417;5315;8947;2715;15950;122;728;25;5;7;;4;31;9;3;;7;3;1;;;12;;1;;;2;7.73;;3.59;42.29;8.58;4.33;;6.75;3.26;;;;;;
BIO;2019;660000092;660780198;1;1;0;0;0;0;0;0;0;0;0;0;1;0;0;0;0;0;0;59618;1047;1047;;;;;;;;;1;;2;;;;;;1;1;1;1;1;;;;;0.17;1.17;0.2;2.8;0.2;;;;;0;0;0;0;0;0
BIO;2019;670000025;670780055;1;1;1;1;1;0;1;1;1;0;1;1;1;1;0;0;0;0;0;3046670;186675;186675;3087;;1271;;23;5007;;13;21;4;112;43;0;;3;1;2;7;5;85;31;7;;4;2;8.57;14.04;6.68;168.88;59.26;1.56;;3.52;2.09;0;0;1;1;1;1
BIO;2019;670000157;670780337;1;0;0;1;1;1;0;0;0;0;1;1;1;1;0;0;0;0;1;766613;109419;85807;;;;;;;;0;4;1;29;8;;;;;;;;5;5;;;;;0.53;4;1;31.33;9.8;;;;;0;0;1;1;1;0
BIO;2019;670000165;670780345;1;1;0;1;1;1;0;1;0;0;1;1;1;1;0;0;0;0;1;527608;40387;3841;;;;;;;;2;;1;11;3;;;;1;1;;;11;4;;;;1;2.9;;1;19.68;4.86;;;;0.3;0;;1;1;;0
BIO;2019;670000272;670780543;1;0;0;1;1;1;0;0;0;0;1;1;1;0;0;0;0;0;1;162813;6011;0;;;;;;;;;;1;7;;;;;;2;;;1;1;;;;;1.55;;0.85;7.14;0.81;;;;;;0;1;;1;0
BIO;2019;670000397;670017755;1;1;0;1;1;1;0;0;0;0;1;1;1;1;0;0;0;0;1;491272;13692;7216;;;;;;;;;3;1;15;2;;;;;;;;;1;;;;;;3;1;15;2.8;;;;;;0;1;;1;0
BIO;2019;670780113;670780055;0;0;0;0;0;;0;0;0;0;0;0;0;0;0;0;1;1;1;14347;202;202;33;;2;;;;;4;1;;4;0;0;;7;3;1;;;3;7;;;4;4;3.2;1;;6.09;3.24;;;10.15;5.58;0;0;;1;1;0
BIO;2019;670783273;670780055;1;1;0;1;1;0;0;0;0;0;0;0;0;0;1;1;0;0;1;1916238;18656;18656;16947;7794;39662;128;1903;8033;1940;6;12;;55;16;14;1;20;5;3;1;2;34;7;2;;11;4;7.35;9.9;1.59;73.35;18.43;9.78;1;26.49;7.13;0;0;1;1;1;0
BIO;2019;680000494;680000643;1;0;0;1;1;1;0;0;0;0;1;1;1;1;0;0;1;1;1;1024332;0;0;;;;;;;;3;3;1;20;0;;;;;;;;15;1;;;;;3;3;1;32.48;0.71;;;;;0;0;1;1;1;0
BIO;2019;680000684;680000973;1;1;0;1;1;0;0;1;1;0;1;1;1;1;1;1;0;0;1;2446043;181733;117732;10821;3469;15436;22;223;4857;1201;1;10;3;54;18;4;1;7;3;1;1;;30;10;2;;3;;1.8;10.45;3;75.79;24.34;5.53;1;9.94;3;0;0;;0;1;
BIO;2019;680004546;680020336;1;1;0;1;1;0;1;1;1;0;1;1;1;1;1;1;1;1;1;2501486;298851;213209;19507;11957;14742;23;242;75;;4;4;3;76;38;5;;14;6;;3;1;2;3;;1;;1;4;5.76;2.55;71.86;37.88;5;0.5;12.22;5.23;;;1;;;
BIO;2019;690000575;690782222;1;0;0;1;1;1;0;1;0;0;1;1;1;1;0;0;0;0;1;802555;98020;93045;;;;;;;;0;4;1;20;7;0;0;0;0;0;2;;9;2;0;0;0;0;0.39;5.12;1;26.62;8.58;0;0;0;0;0;0;1;1;1;0
BIO;2019;690000880;690783220;0;0;0;0;0;0;0;0;0;0;0;0;0;0;1;1;0;0;0;;;;7367;481;15265;5;188;3077;;;;;;;10;1;24;10;;;;;;11;0;5;5;;;;;;12.5;2.85;23.92;13.05;0;0;0;0;0;0
BIO;2019;690007539;690781810;1;0;0;1;1;0;0;0;0;1;0;0;0;0;1;0;1;1;1;4961479;966075;966075;12096;1576;44385;82;1588;2827;60;35;;7;150;74;4;1;29;8;17;;;38;7;13;;8;5;35.11;;6.4;175.1;72.38;9.78;1;33.38;11.55;0;;1;1;;0
BIO;2019;690783154;690781810;1;0;0;0;0;0;0;0;1;0;0;0;0;0;0;0;0;0;1;246717;8737;8737;0;;0;;;;;3;;1;11;5;;;;;1;;;1;1;;;;;5.11;;1.25;12.96;11.14;;;;;0;0;1;1;1;0
BIO;2019;690784137;690781810;1;1;0;1;1;0;1;1;1;0;1;0;0;0;1;1;0;0;1;3426270;299961;299961;11131;1965;48544;1954;712;10963;1012;25;;;95;27;5;;28;3;6;;;49;1;13;;7;;23.89;;;129.41;28.73;7.93;;31.78;1.89;0;;1;1;;0
BIO;2019;690784152;690781810;1;1;0;1;1;0;0;0;0;1;1;1;1;1;0;0;0;0;1;3073678;268012;;0;;3;;123;4;;21;;5;117;38;;;;;26;;;39;8;1;;;;34.07;;4.9;146.08;45.36;0.8;0.1;;;0;;1;1;;0
BIO;2019;690805361;690805353;1;0;0;1;1;1;0;1;0;0;1;1;1;1;0;0;0;0;1;926000;275000;260000;;;;;;;;;2;;22;7;;;;;;4;;8;4;;;;;;3.81;;26.28;8.36;;;;;;0;1;;1;0
BIO;2019;690807367;690003447;1;;;1;1;1;;;;;1;;1;1;;;;;1;73863;;;;;;;;;;1;;;3;4;;;;;;1;;;;;;;;1;0.5;;3;4;;;;;0;0;1;1;1;0
BIO;2019;700000011;700780026;1;0;0;1;1;1;0;0;0;0;1;1;0;0;0;0;0;0;0;135857;848;0;0;0;0;0;0;0;0;1;;;3;1;;;;;2;;;;;;;;;1.32;;;3.5;0.88;;;;;;;;1;;1
BIO;2019;700000029;700004591;;;;;;;;;;;;;;;;;;;;1189996;282743;29966;;;;;;;;3;1;1;19;6;;;;;;0;;6;5;;;;;2.8;1;1;22.12;4.61;;;;;;;;;;
BIO;2019;710978263;710780958;1;0;0;1;1;0;0;1;1;0;1;1;1;1;0;0;0;0;1;945590;87515;58758;;;;;;;;1;2;;27;7;;;;;2;1;;10;5;;;;;2.6;2.9;;32.69;10.92;;;;;0;0;;1;;
BIO;2019;710978289;710780263;1;1;0;1;1;1;0;0;0;0;1;1;1;1;0;0;0;0;1;675088;193685;28256;;;;;;;;7;;1;16;;;;;;0;;;9;2;;;;;5.66;;1;24.1;1.5;;;;;0;0;0;1;0;0
BIO;2019;710978313;710976705;1;1;0;1;1;1;0;0;0;0;1;0;1;1;0;0;0;0;1;454591;79698;23493;;;;;;;;;1;1;8;2;;;;;2;;;6;3;;;;;1.4;1;1;12.45;4.45;;;;;1;1;1;0;0;0
BIO;2019;720000033;720000025;1;1;0;1;1;0;1;1;0;0;1;1;1;1;0;1;0;0;1;1581518;498953;306645;11479;;11290;;225;211;;5;6;0;17;18;5;0;5;4;3;2;2;48;17;0;1;4;3;6.9;7.2;1.77;66.14;27.84;5;0.04;7.09;5.06;0;0;1;0;0;0
BIO;2019;720016179;720016724;1;1;0;1;1;1;0;0;0;0;1;1;1;1;0;0;0;0;1;284120;19449;6597;;;;;;;;2;;;9;4;;;;;2;;1;3;;;;;;2.5;0.02;0.2;10.13;3.05;;;;;0;0;1;;;1
BIO;2019;730000031;730000015;1;1;0;1;1;0;0;1;1;0;1;1;1;1;1;1;0;0;1;1227099;186232;31754;11257;3225;17176;23;340;3264;1235;2;8;;44;13;5;;8;3;;3;;26;11;3;1;1;2;2;12.35;0.07;63.09;20.39;6.04;0.5;8.28;5.34;;0;;;1;
BIO;2019;730000098;730000015;1;1;0;1;1;0;0;0;0;0;0;1;0;0;0;0;0;0;1;173911;17500;0;;;;;;;;;1;;4;1;;;;;;;;7;2;;;;;;1.55;;7.39;2.75;;;;;;0;;;0;
BIO;2019;740000237;740781133;1;1;0;1;1;0;0;1;0;0;1;1;1;1;0;1;1;0;1;948600;150926;2469;;;;;;;;5;;1;32;16;;;;;4;1;1;24;6;;;;;7.91;0.8;1.9;49.8;20.86;;;;;0;0;1;1;1;0
BIO;2019;740000302;740781133;1;0;0;1;1;0;0;0;0;0;0;0;0;0;;0;0;0;1;166538;22833;925;;;;;;;;1;;;7;1;;;;;2;;;6;2;;;;;1.65;;;10.56;2.85;;;;;0;0;;0;0;
BIO;2019;740000328;740790381;1;0;0;1;1;1;0;0;0;0;1;1;0;0;0;0;1;0;1;802161;93391;42799;;;;;;;;4;;1;8;3;;;;;2;;;11;1;;;;;3.34;;0.92;16.09;3.59;;;;;;;;;;
BIO;2019;740781224;740001839;1;1;0;1;1;1;0;0;0;0;1;0;1;0;0;0;0;0;1;646887;86593;32362;;;;;;;;2;;;11;1;;;;;1;;;7;3;;;;;2.8;;0.08;16.4;3;;;;;;;;;;
BIO;2019;750000481;750110025;1;0;0;1;1;0;1;0;0;0;1;1;1;1;0;0;0;0;1;100121;12724;2136;204;;2543;;48;6;;1;1;;9;5;;;;;1;3;;6;2;1;;4;2;1.22;1.89;0.6;11.37;5.65;0.36;0.06;2;0.7;;;;;;
BIO;2019;750000499;750062036;1;1;0;1;1;1;0;0;0;0;1;1;1;0;0;0;0;0;1;568742;234154;207509;59;;2032;;;2743;;3;1;3;23;11;;1;5;3;0;2;;3;4;;;;;3;2;3;24.14;14.38;;1;5;3;0;0;1;1;1;0
BIO;2019;750000523;750150120;1;1;0;1;1;1;0;1;0;0;1;1;1;1;1;1;0;0;1;2414731;866087;740125;7408;0;20633;0;;0;0;5;2;3;31;16;5;1;7;4;7;;;6;8;2;;;1;12.51;1.96;3;36.63;16.15;5.75;1;5.44;5.62;0;0;0;1;1;0
BIO;2019;750000549;750150229;1;1;0;1;1;1;0;0;0;0;1;1;1;0;0;0;0;0;0;124356;0;;0;;0;;;;;;;;;;;;;;1;;;;;;;;;0.5;;;;;;;;;;;;;;
BIO;2019;750100018;750712184;0;0;0;0;0;0;0;0;0;0;0;0;0;0;0;0;0;0;0;;;;;;;;;;;;;;;;;;;;;;1;;;;;;;;;0.8;;;;;;;;;;;;
BIO;2019;750100042;750712184;1;1;0;1;1;0;0;0;0;1;1;0;1;1;1;0;0;0;0;1768522;522631;151750;6449;1795;10122;59;276;2481;339;24;;6;93;40;3;1;8;5;16;;1;1;1;5;0;5;4;39.6;;6.8;93.5;40.5;5.9;1;12.1;8.6;1;;;0;;
BIO;2019;750100075;750712184;1;1;0;1;1;0;0;1;1;1;1;1;1;1;1;1;0;;0;1875171;778056;351360;13915;326;19189;6;480;1329;0;43;;10;167;65;3;1;20;10;31;;1;1;1;16;0;3;0;73.5;;10.2;167.3;65.2;10.5;1;22.7;10;;;1;;;1
BIO;2019;750100083;750712184;;;;;;;;;;;;;;;;;;;0;0;0;;0;;0;;;;;;1;;1;1;;;;;;;;;;;;;;;0.67;;1;1;;;;;;0;0;;0;0
BIO;2019;750100091;750712184;1;1;1;;1;1;;1;1;0;1;1;1;1;1;1;0;0;0;3237809;206536;73025;1558;409;13953;172;168;9489;776;19;39;11;151;52;9;1;9;5;6;18;0;27;8;4;;3;1;16.5;39;11;167;53.8;7.7;1;10.9;5.86;1;1;1;1;1;0
BIO;2019;750100109;750712184;1;1;0;1;1;1;1;0;1;0;1;0;1;1;1;1;0;0;0;881316;34342;31084;2310;1483;3224;6;46;2006;1782;29;22;10;112;55;3;;3;4;8;7;2;19;10;3;1;2;1;24;23.4;10.46;127.17;56.22;5;0.1;4.6;4.76;1;1;1;1;1;0
BIO;2019;750100125;750712184;1;1;0;1;1;1;0;1;0;1;1;1;1;1;1;1;0;0;0;6373001;78447;48523;10232;34;35034;1;4520;1993;;111;56;31;454;216;11;1;15;7;84;13;2;69;35;6;1;6;;136.8;53.5;32.45;488.85;232.74;10;1.5;19.8;7;1;0;1;0;0;0
BIO;2019;750100166;750712184;1;1;0;1;1;1;1;1;0;1;1;1;1;1;1;1;1;1;1;3411455;47068;47068;18013;3709;25424;748;581;1112;3;19;55;11;153;63;16;1;21;9;19;23;0;44;17;10;;4;2;23;51.8;9.65;181.7;74;21.19;1;24.49;10.71;1;1;1;0;0;0
BIO;2019;750100208;750712184;1;1;0;1;1;1;1;1;1;0;1;1;1;1;1;1;0;1;0;3500388;90469;90469;1230;2;10041;1;40;3037;;40;36;8;125;47;10;1;11;3;12;8;2;49;16;3;;2;1;31.7;30.55;8.5;157.1;58.2;10.9;1;11.71;3.86;0;0;1;1;1;1
BIO;2019;750100232;750712184;1;1;0;1;1;0;0;1;0;0;1;1;1;1;1;1;0;1;0;2690015;658814;326494;7034;1576;19594;142;274;9251;1591;34;;12;143;64;11;1;13;8;34;;1;1;0;1;0;6;1;67.1;;12.4;143.7;64;11.5;1;18.28;8.39;1;;1;0;;0
BIO;2019;750100273;750712184;1;1;1;1;1;1;0;0;0;0;0;0;1;1;0;1;1;1;0;1758065;6945;5201;7459;;15082;;381;2000;;12;14;3;64;44;9;1;14;7;13;9;2;10;4;4;;2;2;14.2;15.8;3.5;69.6;38.5;7.8;1;15.6;8.6;1;1;1;1;1;0
BIO;2019;750150104;750720476;1;1;0;1;1;1;0;0;0;0;1;1;1;1;0;0;0;1;1;970856;564088;490169;2316;2;15418;0;629;64;0;5;5;4;35;4;4;1;4;2;;;;6;3;4;;1;;4.99;4.99;4;39.04;5.68;5.51;1;4.88;1.99;;;1;1;1;
BIO;2019;750160012;750813321;;;;;;1;;;;;;;;;1;1;;;0;11390;5836;;13000;;12422;;255;2890;;14;3;5;47;30;14;1;23;10;3;;;7;6;3;;4;;15.02;2.5;5;54.23;32.69;13.58;1;25.28;9.25;0;0;0;0;0;0
BIO;2019;750803447;750712184;1;1;0;1;1;1;0;1;0;0;1;1;1;1;1;1;0;0;0;2693690;43717;43717;5682;1084;21419;296;670;351;;12;25;6;85;32;11;1;9;5;5;9;1;22;5;7;;7;1;7.4;18.5;6.4;103.3;36.6;12.8;1;15.12;5.86;1;1;1;1;1;1
BIO;2019;750803454;750712184;1;1;0;1;1;0;0;0;1;0;1;0;1;1;1;1;0;0;0;1158145;165275;;1868;1595;5098;6;35;300;0;36;;6;112;47;6;0;5;1;20;;1;;1;2;1;1;1;55.4;;6.4;112;47.6;5.6;0.5;5.86;1.86;1;1;1;;;0
BIO;2019;760000018;760780023;1;1;0;1;1;0;1;0;0;0;1;1;1;1;0;0;0;0;;830281;111436;35938;;;;;;;;2;2;1;19;5;;;;;2;;;3;3;;;;;3.13;1.45;1;21.22;6.53;;;;;0;0;;1;1;
BIO;2019;760000141;760780239;1;0;0;1;1;0;0;0;0;0;0;0;0;0;0;0;0;0;0;246009;7529;7529;;;;;;;;2;;;;;;;3;2;;;;;;;;4;;0.1;;;;;;;5.91;1.67;0;;;0;;
BIO;2019;760000158;760780239;1;1;0;1;1;0;1;1;1;1;1;1;1;1;1;1;1;1;1;5476565;292469;292469;11169;1942;23819;56;457;11100;243;17;34;7;127;83;11;;14;11;4;14;;64;20;6;;9;1;13.91;33.49;6.08;168.71;110.89;12.78;;20.7;11.18;;;;1;1;
BIO;2019;760000166;760780247;1;;;1;1;;;1;;;1;1;1;;;1;;;1;795143;15508;8493;3494;222;6340;2;764;2077;0;1;2;2;16;4;4;2;6;1;3;1;1;6;6;1;1;1;3;2.2;2.8;2.2;20.6;7.4;4.2;2.2;6.8;2.75;0;0;0;0;0;0
BIO;2019;760000463;760024042;1;1;;1;1;1;0;0;0;0;1;1;1;1;0;0;0;0;1;970973;108839;47262;;;;;;;;;3;;19;5;;;;;;2;;10;3;;;;;;4.05;;25.8;6.71;;;;;;0;1;;1;1
BIO;2019;760805770;760780726;1;1;0;1;1;0;1;1;0;0;1;1;1;1;0;0;1;1;1;1818640;182567;153596;6873;2015;8457;75;234;1368;582;3;7;3;54;19;2;;2;3;2;5;1;19;6;1;;3;2;4.1;10.18;3.71;63.74;19.44;2.67;;4.69;4.54;;;;;;
BIO;2019;770000131;770021145;1;1;0;1;1;1;0;0;0;0;1;1;0;1;0;0;0;0;1;439988;31358;15015;;;;;;;;2;;;20;7;;;;;;;;;1;;;;;2.23;;;18.92;8.48;;;;;;;;;;
BIO;2019;770000149;770021152;1;1;0;1;1;1;0;0;0;0;1;1;1;1;0;0;0;0;1;580203;69641;55596;;;;;;;;;;1;17;2;;;;;;;;8;3;;;;;;;1;22.72;4.27;;;;;0;;0;1;;1
BIO;2019;770000156;770110054;1;1;0;1;1;1;0;0;1;0;1;1;1;1;0;0;0;0;1;1243854;38335;;;;;;;;;5;;;25;3;;;;;0;1;;4;3;;;;;5;0.01;;26.58;5.38;;;;;;;1;;;0
BIO;2019;770000164;770021152;1;1;0;1;1;1;0;0;0;0;1;1;1;0;0;0;0;0;1;446775;87339;5991;;;;;;;;4;;;15;4;;;;;;;1;;;;;;;3.8;;0.8;14.88;4.77;;;;;;;;;;
BIO;2019;770000172;770110070;1;1;0;1;1;1;0;0;0;0;1;1;1;1;0;0;0;0;1;450780;146954;7429;;;;;;;;;3;;15;3;;;;;;1;;1;;;;;;;5.9;;14.5;3;;;;;;;;;;
BIO;2019;770000214;770021152;1;1;0;1;1;1;0;0;0;0;1;1;1;1;0;0;0;0;1;272922;13812;1904;;;;;;;;;;;7;2;;;;;;;;;;;;;;;;;7.21;2;;;;;;;;;;
BIO;2019;770000446;770021145;1;1;0;1;1;0;0;0;0;0;1;1;0;1;1;1;0;0;1;1186044;11778;1198;;;;;;;;6;;1;20;9;;;;;;;;2;2;;;;;5.44;;1;22.4;9.6;;;;;;;;;;
BIO;2019;770019032;770021145;1;1;0;1;1;1;1;1;0;0;1;1;1;1;0;;0;0;1;1073250;273665;271025;14474;3568;37217;;480;2358;;10;;2;45;8;4;;8;2;3;;;2;2;3;;1;;10.6;;2;46.58;13.18;7.13;;9.02;2.9;;;;;;
BIO;2019;780000287;780110011;1;0;0;1;1;1;0;1;0;0;1;1;1;1;0;0;0;0;1;1326453;130262;5648;4430;2262;5791;31;89;288;0;7;1;3;33;8;2;1;3;7;;;;;;;;;;5.32;0.95;1.63;27.6;6.23;2;0.13;3;2.52;;;;;;
BIO;2019;780000295;780002697;1;1;0;1;1;1;0;1;0;0;1;1;1;1;0;0;0;0;0;498209;22865;14727;504;0;2754;0;67;0;0;3;;1;15;3;1;;2;1;;;;;;;;;;2.45;;0.61;14.19;3.09;1;;2;1;0;0;1;1;0;0
BIO;2019;780000311;780001236;1;0;0;1;1;0;0;1;0;0;1;1;1;1;1;1;1;1;1;1770389;307175;253031;4559;890;9191;10;167;1764;310;7;;1;51;11;6;;17;9;6;;1;14;10;3;;5;4;11.3;;1.32;65.15;19.96;6.93;0.1;22.17;13.43;0;;0;1;;0
BIO;2019;780000329;780110052;1;1;0;1;1;1;1;0;0;0;1;1;1;0;0;0;0;0;1;600677;193471;115659;;;;;;;;0;1;1;17;4;;;;;0;4;0;4;2;;;;;0;3.31;1;18.37;5.4;;;;;;0;1;;1;0
BIO;2019;780800256;780110078;1;1;0;1;1;1;1;1;1;0;1;1;1;1;1;1;0;0;1;1411422;168704;148921;;;;;;;;5;11;1;49;16;3;0;6;2;3;9;1;20;3;2;1;1;2;5.57;13.92;2.37;61.82;18.87;4.58;0.3;6.72;3.48;1;1;;0;0;
BIO;2019;790000087;790000012;1;1;0;1;1;1;0;1;0;0;1;1;1;1;0;0;0;0;1;1219887;83550;16697;6931;2812;12672;92;661;2340;1171;;;1;38;13;;;7;2;;;;3;2;;;;1;;;1;40.71;14.01;;;6.12;3.07;0;0;1;1;1;0
BIO;2019;790019848;790006654;1;1;0;1;1;1;0;0;0;0;1;1;1;1;0;0;0;0;1;313669;13964;11219;;;;;;;;2;2;1;8;2;;;;;;;;10;;;;;;1.52;1.6;1;15.85;2;;;;;0;;0;1;;1
BIO;2019;800000143;800000028;1;0;0;1;1;1;0;0;0;0;1;1;1;0;0;0;0;0;1;602997;63253;27047;0;;0;;;;;0;2;2;19;2;0;0;0;0;0;2;0;5;1;0;0;0;0;0;3.6;1.91;20.94;2.11;0;0;0;0;0;0;1;1;1;0
BIO;2019;800000192;800000044;;;;;;;;;;;;;;;;;;;;0;0;0;15904;4433;24166;62;571;2352;791;;;;;1;3;;13;6;;;;;1;4;;2;2;;;;;1.09;4.61;;13.93;6.73;;;;;;
BIO;2019;800000226;800000069;1;1;0;1;1;1;0;0;0;0;1;0;1;0;0;0;0;0;1;;;;;;;;;;;;;;5;;;;;;3;;1;1;;;;;;1;;0.1;5.71;;;;;;0;;0;0;;1
BIO;2019;800000390;800000085;1;0;0;1;1;1;0;0;0;0;1;0;1;0;0;0;0;0;1;156906;130187;83196;;;;;;;;2;0;1;5;4;0;0;0;0;1;0;0;2;1;0;0;0;0;2.1;0;1;7.1;4.23;0;0;0;0;0;0;0;1;0;1
BIO;2019;800000432;800000093;1;1;0;1;1;1;0;0;0;0;1;1;1;0;0;0;0;0;0;172858;5399;7;;;;;;;;1;;;7;1;;;;;;;1;;1;;;;;1;;0.25;7;1.6;;;;;0;0;0;1;1;1
BIO;2019;800006124;800000044;1;1;1;1;1;1;1;1;1;1;1;1;1;1;1;1;1;1;1;4585331;127164;79575;;;;;;;;10;24;4;100;49;;;;;7;8;2;50;14;;;;;10.74;22.03;4.1;132.9;54.68;;;;;1;1;1;1;1;1
BIO;2019;810000505;810000331;1;1;0;1;1;0;0;0;0;0;1;1;1;1;0;0;0;0;1;436321;70975;52322;;;;;;;;1;4;0;18;5;0;0;0;0;0;0;2;6;0;0;0;0;0;1;3.71;0.1;20.9;5.66;0;0;0;0;0;0;;1;1;
BIO;2019;810000521;810000380;1;0;0;1;1;0;0;0;0;0;1;1;1;0;0;0;0;0;1;603198;62778;18447;;;;;;;;1;3;2;15;5;;;;;;0;;4;6;;;;;1.12;3;0.97;18.66;6.88;;;;;0;0;1;1;1;0
BIO;2019;820000032;820000016;1;0;0;1;1;0;0;0;0;0;1;1;1;1;0;0;0;0;1;667686;81138;40727;667;16;3263;1;13;803;0;;4;0;15;6;;;1;;;;3;11;3;2;1;0;2;;3.8;0.97;23.9;7.08;2.04;0.2;1.3;0.9;;0;1;;1;0
BIO;2019;830000279;830100517;1;1;0;1;1;1;0;0;0;0;1;1;1;1;0;0;0;0;1;630893;159846;28777;;;;;;;;0;0;0;10;1;0;0;0;0;4;0;1;2;1;0;0;0;0;2.05;0;0.3;11.54;1.4;0;0;0;0;0;;1;1;;0
BIO;2019;830000287;830100525;1;1;0;1;1;1;0;0;0;0;1;1;1;1;0;0;0;0;1;663077;15496;878;0;;0;;;0;;1;3;1;15;4;0;0;0;0;0;1;1;3;2;0;0;0;0;1;3.3;1.5;17.45;5.4;0;0;0;0;0;0;1;1;1;0
BIO;2019;830000303;830100541;1;0;0;1;1;0;0;0;0;0;1;1;0;0;0;0;0;0;0;123214;15674;15674;;;;;;;;;1;1;3;;;;;;;1;;2;2;;;;;;1.4;0.83;4.63;1.38;;;;;0;0;0;0;0;0
BIO;2019;830000311;830100566;1;0;0;0;1;1;0;0;0;0;1;1;1;1;0;0;0;0;1;750900;10501;424;0;;0;;;;;4;1;1;22;6;;;;;0;0;;2;2;;;;;3.76;0.7;1;22.41;7.37;;;;;0;0;;1;1;
BIO;2019;830000345;830100616;1;1;0;1;1;0;1;1;0;0;1;1;1;1;1;1;1;0;;2477715;1009767;711267;7077;4090;15053;0;416;10760;9;8;2;1;38;6;;;4;3;7;2;3;48;7;;2;8;7;12.18;2.9;2.81;67.23;11.95;;0.54;8.77;6.52;0;0;;1;1;
BIO;2019;830100574;750821092;1;0;0;1;1;1;0;0;0;0;1;1;1;1;0;0;0;0;1;1555521;40446;2168;4042;0;6750;0;116;60;0;5;3;1;36;3;1;1;2;1;0;0;0;5;0;0;0;0;0;5;3;1;36;3;1;1;2;0.8;0;0;1;1;1;0
BIO;2019;840000483;840000087;1;0;0;1;1;1;0;0;0;0;1;1;1;0;0;0;0;0;1;385869;1792;1052;0;;0;;;;;2;;1;10;3;;;;;1;;1;2;3;;;;;2.6;;1.28;11.81;4.24;;;;;0;;0;1;;1
BIO;2019;840001861;840006597;;;;;;;;;;;;;;;;;;;;;;;5065;1497;13629;58;545;5965;391;;;;;;4;1;7;7;;;;;;2;1;2;1;;;;;;4.55;1.01;7.57;7.5;;;;;;
BIO;2019;850000142;850000019;1;1;0;1;1;0;0;1;0;0;1;1;1;0;0;0;0;0;1;1627984;79298;63833;9487;2644;13424;56;;5949;2000;1;;1;31;11;3;;8;5;2;2;;14;10;8;;3;4;2.21;1.02;0.46;43.57;15.75;6.3;;9.61;5.41;;;;;;
BIO;2019;850000175;850009010;1;1;0;1;1;1;0;0;0;0;1;1;1;0;0;0;0;0;1;505407;42121;25920;0;;0;;;;;3;2;0;6;0;;;;;1;10;1;9;3;;;;;3.41;5.73;0.45;12.25;2.98;;;;;0;0;0;1;0;0
BIO;2019;850000209;850000019;1;1;0;1;1;0;0;0;0;0;0;0;0;0;0;0;0;0;;175896;0;;;;;;;;;;;;4;;;;;;1;2;;6;8;;;;;0.05;0.03;;8.3;0.85;;;;;;;;;;
BIO;2019;850009630;850000035;1;1;0;1;1;1;0;0;0;0;1;1;1;0;0;0;0;0;1;240534;89816;;;;;;;;;1;1;1;7;1;0;0;0;0;0;0;0;3;0;0;0;0;0;0.8;0.8;0.6;9.8;0.7;0;0;0;0;0;0;1;1;1;0
BIO;2019;860000025;860013382;1;1;0;1;1;1;0;0;0;0;1;1;1;1;0;0;0;0;1;81752;11505;5;;;;;;;;;;1;14;3;;;;;;;0;4;2;;;;;;;0.22;3.45;1.11;;;;;;;1;;;0
BIO;2019;860000223;860014208;1;1;0;1;1;1;1;1;0;1;1;1;1;1;1;1;1;1;1;3885331;441661;358569;11842;2844;30709;49;761;5893;1439;3;12;6;130;47;3;;12;7;20;19;;29;14;7;;2;2;12.27;22.81;4.47;136.96;48.7;6.85;;11.35;7.83;0;0;1;1;1;1
BIO;2019;860010321;860010313;1;1;0;1;1;1;1;1;0;0;1;1;1;1;0;0;1;0;1;;;;121;;19576;;138;;;;;;;;1;;9;4;;;;;;1;;1;1;;;;;;1.8;;9.5;4.6;0;0;0;1;1;0
BIO;2019;870000064;870000015;1;1;0;1;1;1;1;1;1;0;1;1;1;1;1;1;0;0;1;3563430;924039;102530;13092;1802;41893;46;1043;1684;8;12;28;3;108;87;10;1;19;7;1;0;;26;12;3;;3;2;7.98;19.55;2.99;114.9;108.29;7.04;0.55;23.53;11.42;0;0;1;1;1;1
BIO;2019;870014859;870000015;0;0;0;0;0;0;0;0;0;0;0;0;0;0;1;0;1;1;1;5547;5441;40;;;;;;;;6;1;;8;5;0;;;;0;0;;;;0;;;;4.23;0.5;0.3;7;4.73;0;;;;0;0;0;1;0;1
BIO;2019;880000021;880007059;1;0;0;1;1;1;1;1;0;0;1;1;1;1;0;0;0;0;1;784051;231357;1405;;;;;;;;;2;;20;7;;;;;;1;1;3;2;;;;;;2.8;0.6;22.2;8.25;;;;;0;0;1;1;1;0
BIO;2019;880000047;880780077;1;0;0;1;1;1;0;0;0;0;1;1;1;1;0;0;0;0;1;411303;224234;21247;;;;;;;;3;;;11;;;;;;;;;3;;;;;;2.33;;;9.59;;;;;;0;;;1;;
BIO;2019;880000054;880007299;1;0;0;1;1;1;0;0;0;0;1;1;1;1;0;0;0;0;1;590579;182310;21898;;;;;;;;2;3;;8;3;;;;;1;2;1;11;34;;;;;1.59;3.71;0.9;16.47;4.7;;;;;0;0;0;1;0;0
BIO;2019;880000062;880780093;1;0;0;1;1;1;0;0;0;0;0;1;1;0;0;0;0;0;1;485105;261486;3393;;;;;;;;1;1;;11;4;;;;;;;1;5;0;;;;;1;1;0.4;13.11;3.5;;;;;0;0;1;1;1;0
BIO;2019;890975527;890000037;1;1;0;1;1;0;0;0;0;0;1;1;1;1;0;0;0;0;1;;;;;;;;;;;;5;;;;;1;20;5;;;;;;;;3;1;;5;;;;;1;22.63;6;;0;;;1;
BIO;2019;890975543;890000417;1;1;0;1;1;1;0;0;0;0;1;0;0;0;0;0;0;0;0;23676;266;;;;;;;;;1;;;8;1;;;;;;;;3;;;;;;1.11;;;9.41;1;;;;;;;1;;;
BIO;2019;890975550;890970569;1;1;0;1;1;0;0;0;0;0;1;1;1;1;0;0;0;0;1;727843;88957;21255;;;;;;;;3;;1;20;4;;;;;;;;1;;;;;;3;;0.83;20.23;5.35;;;;;;;;;;
BIO;2019;890975568;890000433;1;0;0;1;1;1;0;0;0;0;1;0;0;0;0;0;0;0;1;143138;1836;499;;;;;;;;1;;;5;1;;;;;1;;1;2;;;;;;1.2;;0.4;6.15;1;;;;;0;;0;1;;1
BIO;2019;900003039;900000365;1;1;0;1;1;1;1;1;0;0;1;1;1;1;0;0;0;0;1;2135250;314650;10232;14786;5239;18533;700;166;5860;3862;1;7;1;39;;5;;7;3;1;1;;19;;0;;6;3;1.9;7.88;1;53.05;;4.08;1;11.37;5;0;0;;1;1;
BIO;2019;910000272;910110014;1;1;0;1;1;1;0;0;0;0;1;1;1;1;0;0;0;0;1;344834;6580;;;;;;;;;1;;;9;2;;;;;2;;;3;2;;;;;2.55;;;11.4;4.14;;;;;0;0;0;1;0;0
BIO;2019;910000280;910019447;1;1;0;1;1;1;1;0;0;0;1;1;1;1;0;0;0;0;1;285099;143083;2212;;;;;;;;3;;1;14;6;;;;;;;;;2;;;;;3;;0.5;14.04;5;;;;;;;;;;
BIO;2019;910000298;910110055;1;0;0;1;1;1;0;0;0;0;1;1;1;1;0;0;0;0;1;1177112;143137;9181;4751;1664;6220;3;48;5413;1341;2;;;;;3;1;28;11;2;;;;;2;;4;2;3.8;;;;;4.02;1;32.53;12.4;;;;;;
BIO;2019;910000306;910110055;1;0;0;1;1;1;0;1;0;0;1;;1;1;0;0;0;0;0;609006;17063;2646;;;;;;;;5;;;13;5;;;;;;;;2;;;;;;5;;;14.65;4.37;;;;;0;0;1;1;1;0
BIO;2019;910001973;910019447;1;1;0;1;1;1;0;0;0;0;1;1;0;1;0;0;0;0;1;417821;148428;14853;;;;;;;;3;;1;15;6;;;;;;;;1;2;;;;;2.5;;0.5;15.09;6.05;;;;;;;;;;
BIO;2019;910020254;910002773;1;1;0;1;1;1;1;1;0;0;1;1;1;1;1;0;0;0;1;2927026;140295;8600;6114;2098;9521;36;236;7681;2399;7;1;2;43;19;3;0;5;3;;;1;7;0;1;1;0;1;7;1;2.5;47.39;16.76;3.3;0.5;5;3.9;;;;;;
BIO;2019;910300144;910000447;1;1;0;1;1;1;0;0;0;0;1;1;1;0;0;0;0;0;1;169093;136602;;;;;;;;;;2;;8;5;;;;;1;1;;1;2;;;;;0.5;2.4;;7.5;6;;;;;0;0;1;0;1;0
BIO;2019;910300219;910003888;1;1;0;1;1;1;0;1;0;0;1;1;1;0;0;0;0;0;1;552636;272250;252292;0;;0;;;;;0;1;1;1;;;;;;0;2;0;16;;;;;;0;2.5;1;16.8;;;;;;0;0;1;0;1;0
BIO;2019;920000460;750813321;0;0;0;0;0;0;0;0;0;0;0;0;0;0;0;0;0;0;0;;;;8364;;7991;;1043;1858;;2;2;1;10;9;6;1;9;7;3;;;2;1;2;;2;1;1.9;2;1;10.03;8.3;7.12;1;10.8;6.21;;;;;;
BIO;2019;920000577;920110020;1;1;0;1;1;1;0;0;0;0;0;1;0;0;0;0;0;0;1;315867;17430;0;0;;0;;;;;1;1;;12;4;;;;;0;0;;0;1;;;;;0.95;0.95;;12.23;3.94;;;;;0;0;1;1;1;0
BIO;2019;920000585;920026374;1;0;0;1;1;1;0;0;0;0;1;1;1;1;0;0;0;0;;586292;;;;;;;;;;1;;;10;4;;;;;;;1;5;;;;;;0.96;;0.08;14.1;3.63;;;;;;;;;;
BIO;2019;920000619;920009909;1;1;0;1;1;1;0;1;0;0;1;1;1;1;0;0;1;1;1;602099;189424;160591;;;;;;;;3;2;1;16;8;;;;;;;1;1;2;;;;;2.8;2;1.63;16.91;7.32;;;;;0;0;1;1;1;0
BIO;2019;920000635;920150026;1;0;0;1;1;0;0;0;0;0;1;1;1;1;0;0;0;0;1;62614;62613;0;0;0;0;0;0;0;0;0;2;1;3;2;0;0;0;0;0;;;;1;0;0;0;0;0;2;1;3;2;;;;;0;0;0;0;0;0
BIO;2019;920000650;920150059;1;1;0;1;1;1;1;1;0;0;1;1;1;1;1;0;0;1;1;2298193;657594;293401;3455;;28720;;688;1112;;7;;3;48;3;6;1;10;5;10;;;9;2;2;;;;10.95;;2.5;51.42;6.94;6.68;1;8.25;5.86;0;0;0;1;0;0
BIO;2019;920000684;920150091;1;0;0;1;1;0;0;0;0;0;1;1;1;1;0;0;0;0;0;1064245;839;449;892;;6674;;919;279;;5;;;26;5;2;;4;1;2;;;2;;;;;;5.23;;;28.63;5;2.09;;4;1.42;;;;;;
BIO;2019;920100013;750712184;1;1;0;1;1;1;0;1;0;0;1;1;1;1;1;1;0;0;0;1395469;246070;246070;3481;64;8649;12;126;177;0;7;8;4;58;22;0;0;4;2;12;5;1;12;1;5;1;2;2;11.3;10.3;4.2;68.7;22.9;2.25;0.5;5.2;3;0;0;1;1;1;0
BIO;2019;920100021;750712184;1;1;0;1;1;0;0;0;0;0;1;0;1;0;1;0;1;1;0;1027575;20249;20249;;;;;;;;6;5;2;47;18;1;0;2;;7;12;2;11;3;3;1;1;;9;11;3;55.9;20.5;1.8;0.4;2.8;;1;1;1;1;1;1
BIO;2019;920100039;750712184;1;0;0;1;1;0;0;0;0;0;1;0;1;1;0;0;0;0;0;1077517;189575;31421;2788;1145;10012;31;277;1119;1;14;;3;51;27;2;1;9;7;3;;;1;1;6;0;2;1;16.2;;3;51.1;27.7;7.5;1;10.7;7.8;1;;1;0;;0
BIO;2019;920100047;750712184;1;0;0;1;1;0;0;0;0;0;1;0;0;0;0;0;0;;0;615951;234898;42782;0;0;0;0;0;0;0;11;;1;47;14;0;0;0;0;5;;1;;1;0;0;0;0;15.5;;1.4;47;14.4;0;0;0;0;1;;1;0;;0
BIO;2019;920100054;750712184;1;1;0;1;1;1;0;0;0;0;1;0;1;1;0;0;0;0;0;395742;13851;13851;0;0;0;0;0;0;0;3;5;2;31;13;;;;;3;6;2;0;0;;;;;3.8;5.9;2;31;13;;;;;1;1;0;1;1;0
BIO;2019;920120011;750821092;1;1;0;1;1;0;0;0;1;0;1;1;1;1;0;0;0;0;1;1054942;44030;43349;0;0;0;0;0;0;0;6;2;2;31;2;0;0;0;0;;;;7;;0;0;0;0;6;2;2;35.71;2;0;0;0;0;0;0;1;1;1;1
BIO;2019;920300787;920000981;1;;;1;1;1;;;;;1;1;1;1;;;;1;1;917495;;;;;;;;;;;6;2;21;11;;;;;;;;9;;;;;;;6;1.5;30;11;;;;;;0;1;;1;
BIO;2019;930000286;930021480;1;1;0;1;1;1;1;1;0;0;1;1;1;1;1;0;0;0;1;1238951;45280;32943;3232;940;6136;0;213;6165;0;6;;1;28;11;4;1;6;5;3;;;9;3;;;;1;7.27;;1;35.14;13.13;3.6;1;5.08;4.99;0;;;1;;
BIO;2019;930000302;930110036;1;1;0;1;1;1;0;0;0;0;1;1;1;1;0;0;0;0;0;740930;8728;5483;;;;;;;;1;5;2;30;8;;;;1;;;;4;;;;;;1;5;2;31.4;8;;;;1;0;0;1;0;1;0
BIO;2019;930000328;930110051;1;1;0;1;1;1;1;1;1;0;1;1;1;1;0;0;0;0;0;1671998;200434;106676;5833;1943;2499;;42;;;4;9;2;47;16;;;;;;;;5;3;;;;;4;9;2;50.8;18;;;;;0;0;1;1;1;0
BIO;2019;930000336;930110069;1;0;0;1;1;1;1;1;1;0;1;1;1;1;1;0;0;0;0;1408377;11578;3293;5261;1416;6283;20;106;120;0;3;5;;34;7;3;0;2;2;;;;;;2;1;1;0;3;5.2;;38;8.8;3.66;0.5;3;2;0;0;0;1;1;0
BIO;2019;930100037;750712184;1;1;0;1;1;0;1;1;0;0;1;1;1;1;0;1;0;0;0;1767435;276626;92838;3174;;11160;;144;3444;;24;;4;67;16;6;;9;5;1;;;;;;;;;22.7;;4;62;14.3;5.9;;7.6;3.9;0;;1;1;;0
BIO;2019;930100045;750712184;1;1;0;1;1;1;0;0;0;0;1;1;1;1;1;0;1;1;0;856223;288270;140824;3785;1599;3524;24;33;3977;997;4;;2;43;13;2;;6;3;;;;10;4;;;1;;3.5;;2;46.8;17.1;2.7;0.2;6.6;3;0;;1;0;;0
BIO;2019;940000573;940110018;1;0;0;1;1;1;1;1;1;0;1;1;1;1;0;0;0;0;0;1656792;437943;379405;3827;2185;17986;283;306;7904;;5;2;0;45;18;5;0;8;2;7;0;0;8;1;1;0;3;2;10.08;2;0;53.57;19.01;6.4;0;10.66;4.4;;;;;;
BIO;2019;940000599;940110042;1;1;0;1;1;1;0;0;0;0;1;1;1;1;0;0;0;0;1;2007529;98392;1329;;;;;;;;2;3;;35;;;;;;1;1;;2;;;;;;2.6;3.6;;36.8;;;;;;0;;;;;
BIO;2019;940000649;940150014;1;1;0;1;1;1;1;1;0;0;1;1;1;1;0;0;0;0;1;1127849;136349;98780;;;;;;;;3;1;1;26;6;;;;;1;;;1;;;;;;3.45;1;1.11;28.43;6.36;;;;;0;0;1;1;1;0
BIO;2019;940000664;940160013;1;1;0;1;1;1;0;1;0;0;1;1;1;1;1;1;0;0;0;1872248;5922;;17460;1006;11829;2;809;83;;7;14;3;57;24;20;2;26;17;;;1;3;1;3;2;;3;6.42;12.95;2.5;58.35;17.13;20.23;1.5;23.11;13.48;;;;1;1;
BIO;2019;940100027;750712184;1;1;0;1;1;1;0;1;1;0;1;1;1;1;1;1;0;0;0;4092070;1387989;584729;8353;;17527;;272;2071;;32;15;7;124;43;3;2;17;14;20;6;;21;1;28;;5;3;54.98;22.2;7;140.32;43.9;24.87;2;21.59;15.92;1;1;1;1;1;1
BIO;2019;940100035;750712184;1;;;;;;;;;;;;;;;;;;0;5300;;;;;;;;;;1;;;1;1;;;;;;;;;;;;;;1;;;1;1;;;;;0;0;0;0;0;0
BIO;2019;940100043;750712184;1;1;0;1;1;0;1;1;0;0;1;1;1;0;1;0;0;0;0;3360058;26101;26101;10233;3200;28837;98;403;1167;102;4;21;6;104;42;4;1;19;8;11;19;;18;4;11;0;2;2;8.8;27.25;6;118.1;44.8;9.7;1;20.6;9.6;1;1;1;1;1;0
BIO;2019;940100068;750712184;1;1;0;1;1;0;0;0;0;0;0;0;1;1;0;1;0;0;0;1169088;10178;10178;;;;;;;;3;10;2;33;16;;;;;5;7;;15;1;;;;;5.17;13.21;2;45.4;16.9;;;;;1;1;1;1;1;0
BIO;2019;940120017;750821092;1;0;0;1;1;1;0;1;0;0;1;1;1;1;1;1;0;0;1;715087;30207;22590;2654;1066;6464;;93;4981;45;2;1;;35;2;4;;7;2;2;3;1;2;;2;;1;;3.47;2.83;0.6;38.48;2.67;4.9;;7.8;2;0;0;;1;1;
BIO;2019;950000307;950110015;1;1;0;1;;1;0;1;0;0;1;1;1;1;1;0;1;0;1;1976386;161392;60054;3344;;9802;;239;42;;3;5;2;33;13;4;0;4;2;3;2;2;12;2;0;1;1;1;5.48;5.53;3;39.39;11.29;4.92;0.68;4.07;2.3;0;0;1;1;1;0
BIO;2019;950000315;950001370;1;0;0;1;1;1;0;0;0;0;0;0;0;0;0;0;0;0;1;446194;4949;;;;;;;;;0;;;5;4;;;;;0;;;3;1;;;;;0;;;6.93;4.97;;;;;;;;;;
BIO;2019;950000323;950013870;1;1;0;1;1;1;0;0;0;0;1;1;1;1;0;0;0;0;1;1191622;69387;61475;3960;1239;6528;22;60;66;0;3;1;2;42;14;2;0;3;2;1;1;1;5;4;3;0;0;0;3.82;1.8;2.41;41.47;16.15;3.6;0.3;3.48;2.56;0;0;0;1;1;0
BIO;2019;950000331;950110049;1;1;0;1;1;1;1;1;0;0;1;1;1;1;0;0;1;0;1;1395923;66905;28032;;;;;;;;6;;;32;5;;;;;5;;;10;5;;;;;9.93;;0.25;41.03;7.96;;;;;;;;;;
BIO;2019;950000364;950110080;1;1;0;1;1;0;0;0;0;1;1;1;1;1;0;0;0;0;1;1410398;74622;55751;5774;1202;10920;165;296;2353;83;11;0;;15;7;4;;8;2;2;0;;6;;1;;3;;11.73;0;;20.87;6.01;4.5;0.75;8.32;3.21;;;;;;
BIO;2019;950807982;950001636;1;0;0;1;1;1;0;0;0;0;1;1;1;0;0;0;1;1;1;183635;89898;;;;;;;;;1;2;;10;9;;;;;1;2;;;;;;;;0.85;1;;10;9;;;;;0;0;1;1;1;0
BIO;2019;970100392;970100178;1;1;0;1;1;1;1;;;;1;1;1;;;;;;1;354583;116632;27932;;;;;;;;2;1;0;20;6;0;0;0;0;2;0;0;1;0;0;0;0;0;2.37;0.2;0;18.27;4.04;0;0;0;0;;;;;1;
BIO;2019;970100426;970100202;1;0;0;1;1;1;0;0;0;0;1;1;1;0;0;0;0;0;1;1257768;2115771;48065;;;;;;;;1;;;8;3;;;;;;;;;;;;;;1;;;7.46;3;;;;;0;;;0;;
BIO;2019;970100442;970100228;1;1;0;1;1;0;1;1;1;0;1;1;1;1;0;1;0;0;;;;;3356;896;4751;30;59;90;;8;8;2;70;30;2;1;6;7;;;;1;;1;;2;;8;8;2;70.8;30;2.8;1;7.8;7;0;0;;1;1;1
BIO;2019;970100483;970100285;1;0;0;1;1;0;0;0;0;0;1;1;1;0;0;0;0;0;1;14194;27646;0;0;;0;;;;;;1;;3;1;;;;;;;;;1;;;;;;1;;3;0.5;;;;;;0;0;;0;0
BIO;2019;970211215;970211207;1;1;0;1;1;0;0;0;1;0;1;1;1;1;;;;;1;2189733;158486;33359;10476;3012;9250;82;285;2677;2268;3;15;6;77;31;4;1;10;9;2;;;;;1;;;;4.23;15.48;6;78.93;30.37;4.33;1;10.16;8.51;0;0;1;1;1;0
BIO;2019;970211223;970211207;1;0;0;1;1;0;0;0;0;0;0;0;0;0;0;0;0;0;1;202815;7486;36;;;;;;;;1;1;1;13;3;;;;;;;;;;;;;;0.97;0.79;1;12.91;3.25;;;;;0;0;;;;
BIO;2019;970211231;970211207;1;0;0;1;1;1;1;1;0;0;0;0;0;0;0;0;0;0;1;210664;89860;16738;;;;;;;;1;;1;6;7;;;;;1;;;1;1;;;;;2.54;;1;7.09;7.66;;;;;0;;0;0;;0
BIO;2019;970300026;970302022;1;1;0;1;1;1;1;1;0;0;1;1;1;0;0;0;0;0;1;320121;16944;1264;2560;2281;6501;0;16;115;39;5;1;0;24;12;1;0;3;3;0;0;0;1;0;0;0;0;0;3.9;1.23;0;23.07;10.91;1.02;0;3;2.5;0;0;0;1;1;0
BIO;2019;970300083;970302121;1;1;0;1;1;1;0;0;1;0;1;1;1;1;0;0;0;0;1;102225;25556;;;;;;;;;5;0;1;27;10;0;0;0;0;0;0;0;1;0;0;0;0;0;4.62;0;1;27.14;10;0;0;0;0;;;1;1;;
BIO;2019;970400024;970408589;1;1;0;1;1;1;1;1;1;1;1;1;1;1;1;1;1;1;1;1434783;304694;14598;4000;1587;10487;100;132;9950;1799;;11;4;72;16;5;;5;3;;14;;9;16;;1;1;1;;17.81;4;76.38;25.53;4;0.2;5.5;4.5;0;0;0;1;1;1
BIO;2019;970400057;970408589;1;1;0;1;1;1;1;1;1;1;1;1;1;1;0;1;1;1;1;1765696;468442;185;7260;2254;12255;44;371;;;;8;3;53;14;2;1;7;4;;6;1;13;14;1;;;;;11.6;3.81;74.82;23.03;2.7;1;7;4;0;0;0;1;1;1
BIO;2019;970400065;970421038;1;1;0;1;1;1;0;0;0;0;1;1;1;1;0;0;0;0;1;895633;25904;23267;;;;;;;;6;0;0;22;4;0;0;0;0;0;0;0;2;1;0;0;0;0;4.35;0;0;21.77;5.18;0;0;0;0;0;0;1;1;1;0
BIO;2019;980500011;980500003;1;1;0;1;1;1;1;1;0;0;1;1;1;1;0;0;0;0;1;1574514;47074;0;;;;;;;;;6;1;37;21;;;;;;;;4;;;;;;;6.38;1;39.17;20.3;;;;;;0;;;1;
